0.6027918,0.6442667,0.6250454,0.55118316,0.55455565,0.5405415,0.6150392,0.5449412,0.5120883,0.5247336,0.5761472,0.52568877,0.5148728,0.59755147,0.70487213,0.5031249,0.5283922,0.53032476,0.516474,0.51158804,0.5203445,0.53222674,0.51889074,0.4997438,0.5603031,0.6889578,0.52477473,0.49824035,0.48306787,0.49783927,0.55327743,0.5209638,0.47327265,0.54803836,0.5002556,0.5035839,0.4891345,0.49703237,0.46741745,0.48562244,0.5469037,0.52820957,0.4582882,0.45990705,0.4799122,0.4868154,0.45519722,0.4266547,0.4351142,0.49015385,0.4842479,0.46595293,0.49581096,0.48624095,0.52579427,0.49052626,0.4275147,0.52121997,0.46636134,0.4742846,0.45028162,0.518871,0.5326711,0.49598435,0.41193724,0.4221106,0.48492384,0.42592722,0.46050674,0.46428505,0.5169336,0.4613258,0.43245184,0.4112561,0.4609546,0.44108635,0.44698298,0.48086765,0.43688905,0.43208206,0.4797717,0.49365348
0.26048243,0.30249554,0.3271796,0.1738641,0.16424668,0.12832572,0.2619009,0.08894769,0.09625846,0.17826958,0.12285585,0.080938995,0.09827459,0.08854819,0.08012462,0.07206703,0.05045094,0.07276836,0.087082475,0.10992025,0.087957054,0.051286265,0.07794693,0.09950746,0.11219144,0.06993913,0.07938379,0.06757447,0.061598983,0.05944512,0.09829667,0.17590284,0.14815453,0.15165171,0.12280641,0.14708447,0.12537259,0.07875113,0.10303086,0.11688042,0.099155456,0.07299576,0.07227495,0.045232154,0.027428715,0.056775454,0.07497014,0.0703316,0.071645364,0.0633665,0.05204032,0.04746429,0.0585877,0.06893266,0.065280885,0.12547046,0.12380295,0.12158987,0.089824945,0.05822938,0.08771968,0.07532741,0.05528354,0.03584617,0.06731584,0.05865782,0.055160828,0.06881856,0.075232536,0.046399675,0.03585179,0.044567302,0.0531893,0.044021986,0.042653456,0.045440122,0.041121837,0.027929716,0.045560285,0.03792778,0.026174214,0.048017025
0.4691896,0.46265805,0.45414686,0.41765922,0.459533,0.41009548,0.4392979,0.4016973,0.37700742,0.4143936,0.4037484,0.39684463,0.39364138,0.37728932,0.37667164,0.37989452,0.38470912,0.37425786,0.3717584,0.37000704,0.36222762,0.38102448,0.37752444,0.38644356,0.35676318,0.35576475,0.36128128,0.3633523,0.36498687,0.35938028,0.38727126,0.4468851,0.43164322,0.44362593,0.3969181,0.40214953,0.40471455,0.37123877,0.42091134,0.38828683,0.38136062,0.37826115,0.3663172,0.35469633,0.36211142,0.3680339,0.36246684,0.3685906,0.36954063,0.37049925,0.3659497,0.3652574,0.36870277,0.3580079,0.38049078,0.42270607,0.407955,0.44050986,0.39164695,0.3903532,0.43159372,0.37859458,0.3914281,0.3801659,0.36906922,0.36094153,0.37559402,0.3682232,0.40251607,0.36172944,0.3606841,0.37132165,0.3698588,0.3673421,0.36969572,0.3646903,0.36127505,0.38094196,0.36236614,0.36700866,0.3432712,0.37641507
0.5398836,0.4912751,0.54709494,0.47145915,0.5019574,0.47408682,0.5626677,0.46009383,0.43768787,0.45045245,0.4523589,0.44685233,0.45251894,0.43382108,0.45549053,0.43534666,0.4607402,0.43635693,0.42273256,0.42838767,0.40969527,0.42068365,0.41924107,0.4486406,0.42716685,0.43957788,0.41884136,0.4296917,0.4225395,0.41215068,0.4351345,0.46969166,0.44853348,0.4625046,0.45224327,0.4484973,0.4511677,0.428768,0.41295296,0.42873242,0.43104762,0.44425374,0.41870844,0.41342694,0.4107877,0.41340065,0.43108082,0.43521777,0.4400655,0.42336217,0.42278525,0.42282537,0.4234462,0.41254961,0.41887993,0.45124623,0.43250418,0.44996542,0.4537378,0.42553198,0.4138189,0.4212543,0.4134393,0.44006544,0.4191181,0.4215022,0.4312452,0.4096243,0.4430688,0.421326,0.40558553,0.42021528,0.44604713,0.41868773,0.4157722,0.40719712,0.41773403,0.4216,0.41528374,0.41676006,0.40148345,0.418652
0.5206717,0.48313698,0.48738176,0.5050924,0.45495898,0.43543798,0.54869086,0.46412817,0.47762674,0.4824193,0.47609502,0.43720767,0.47311878,0.40375262,0.4354153,0.3982972,0.42097068,0.4533386,0.40057948,0.3994236,0.39068264,0.40626937,0.424362,0.42396992,0.3939688,0.4166544,0.391009,0.37375924,0.3878131,0.39184102,0.4404012,0.49361408,0.4526882,0.46285605,0.4308223,0.4126936,0.41497618,0.40667063,0.4187289,0.411421,0.38938874,0.4020923,0.4103012,0.39177638,0.3698026,0.4058354,0.40153632,0.39638615,0.40318358,0.39220867,0.38265282,0.40560207,0.38565516,0.38114697,0.41454923,0.45136184,0.43857014,0.4224131,0.3905756,0.40097553,0.42591974,0.41365188,0.3829394,0.4039315,0.42106354,0.40174317,0.37851942,0.38798353,0.43927708,0.3879013,0.41125774,0.41603142,0.3961296,0.3973663,0.37317646,0.39516622,0.38410848,0.38946646,0.39820403,0.38954479,0.37103212,0.40009767
0.60714054,0.5738213,0.58497727,0.5390387,0.48158723,0.511908,0.591172,0.5203246,0.46416986,0.4783398,0.5024205,0.45631096,0.47083506,0.44335422,0.47781438,0.4351682,0.43187356,0.45510077,0.4489439,0.45582485,0.42968053,0.4363702,0.45945454,0.45417532,0.44203484,0.4571172,0.4463863,0.4440524,0.4262256,0.4452412,0.44340187,0.48934403,0.5070472,0.511295,0.5146635,0.46693107,0.44511,0.45447928,0.46232125,0.44185182,0.4300728,0.46160644,0.44771156,0.44197953,0.4326743,0.44085646,0.43027425,0.43039984,0.43179086,0.43687612,0.45950162,0.45365024,0.43930954,0.41750875,0.43822378,0.49388462,0.5008739,0.48934048,0.47868812,0.4941938,0.4635462,0.4385404,0.42981315,0.43341446,0.4417493,0.43994635,0.46431494,0.46399468,0.4569201,0.4290418,0.4264715,0.44875488,0.4539141,0.44234532,0.43637425,0.45341474,0.43925765,0.45510638,0.44934523,0.4482913,0.42971274,0.4457139
0.53097796,0.5667874,0.5668259,0.5383992,0.4665442,0.48849607,0.5680798,0.45694172,0.42046002,0.46550727,0.47167793,0.43271834,0.43559036,0.4017384,0.45622057,0.40211824,0.38052437,0.40269554,0.40234813,0.39226604,0.40317416,0.4062651,0.4101528,0.41765636,0.40180528,0.433847,0.39967102,0.39220363,0.3993938,0.39666286,0.44066203,0.50583696,0.47836792,0.4784042,0.4317376,0.4059847,0.39787194,0.41395557,0.4346135,0.4725212,0.40656957,0.4092446,0.46422896,0.39678794,0.40274337,0.38885742,0.40857607,0.41087762,0.40011144,0.3973142,0.40366858,0.4071585,0.4082213,0.3877797,0.42240715,0.48013383,0.44631124,0.43643022,0.39945084,0.40841594,0.41677108,0.41694778,0.40924776,0.4050829,0.4141949,0.39409912,0.40050286,0.38853145,0.41797262,0.38411072,0.35830358,0.39174086,0.41498405,0.40018556,0.3793319,0.3991552,0.41402125,0.39014053,0.37736288,0.38835618,0.36170942,0.43388432
0.67393124,0.49520814,0.58157426,0.54288137,0.4552297,0.4424749,0.4570734,0.4328012,0.43638095,0.4566968,0.50153583,0.4942574,0.40402102,0.4226745,0.4769115,0.41901898,0.40483606,0.41876316,0.40814656,0.41207856,0.42102337,0.4140361,0.4032389,0.40840572,0.4222962,0.4741599,0.42600513,0.42422837,0.42473888,0.41124347,0.40997404,0.4798115,0.48202264,0.48728964,0.4799126,0.4208295,0.41898948,0.4028296,0.42526484,0.5613324,0.47162613,0.41318816,0.46941897,0.37935147,0.42403018,0.4279976,0.41903603,0.39852524,0.40341493,0.40731204,0.41802257,0.40637645,0.40648282,0.38416037,0.43460795,0.4702956,0.45885047,0.4322563,0.40494138,0.45723647,0.41736102,0.46232137,0.42150974,0.43717894,0.39479032,0.41159296,0.41212395,0.4126284,0.4613114,0.4419499,0.4114353,0.41822535,0.42570394,0.424835,0.4032014,0.41770682,0.44327176,0.42454895,0.43368167,0.4033376,0.40492943,0.45214888
0.6489606,0.55815184,0.5512594,0.5357026,0.5061538,0.49857804,0.5081414,0.46543995,0.4838586,0.5172334,0.48214993,0.47021568,0.4832182,0.4702379,0.46905565,0.45377427,0.4358191,0.48395196,0.4560778,0.45291504,0.44820905,0.43568233,0.47061038,0.47267365,0.4665634,0.4645589,0.43821573,0.44226986,0.43301246,0.43676442,0.50384635,0.54659796,0.46691197,0.508906,0.49814034,0.44024104,0.47189784,0.41393855,0.46090645,0.4751151,0.44815272,0.461573,0.45941892,0.41871852,0.41475242,0.44757566,0.4521617,0.4589709,0.46168244,0.4527291,0.43439668,0.45039007,0.4349388,0.42971355,0.45058137,0.4513988,0.49274704,0.47744676,0.4562971,0.42403424,0.42828012,0.4327273,0.45333135,0.43379924,0.46518344,0.44665706,0.4342443,0.43746018,0.44632226,0.4421108,0.41915226,0.45774597,0.43075538,0.4445691,0.42209187,0.433166,0.4197148,0.45079765,0.4361799,0.4340427,0.45783496,0.45140487
0.68186545,0.6008811,0.6030166,0.62651825,0.5704473,0.5724181,0.63787305,0.5093343,0.55677986,0.5569288,0.55222595,0.52309823,0.56192243,0.51694334,0.5352939,0.5057766,0.5274018,0.530811,0.5410911,0.5130759,0.50320435,0.49654084,0.51775837,0.4824927,0.5029649,0.5198518,0.4922782,0.5040383,0.50218153,0.49152935,0.5431036,0.58265084,0.5590209,0.5498693,0.58029157,0.5097193,0.5205977,0.5042871,0.5216716,0.5676439,0.4810545,0.490049,0.4969846,0.46582747,0.41716236,0.45082477,0.44470647,0.45027888,0.45768034,0.47821578,0.47736162,0.47097182,0.46839833,0.46087766,0.47691423,0.57290304,0.5343232,0.5106449,0.50938356,0.475663,0.4977284,0.47092593,0.4706996,0.44400102,0.47216904,0.47403404,0.4889617,0.465564,0.46303913,0.45793584,0.44488728,0.45024425,0.44828218,0.45405337,0.43755707,0.45362383,0.4460583,0.46228182,0.44937554,0.45709726,0.47048837,0.45647353
0.70881176,0.6464004,0.6634779,0.61410064,0.56301856,0.58602273,0.51970875,0.48198763,0.5067829,0.610077,0.4672293,0.4694757,0.48636782,0.43631268,0.46465668,0.41439918,0.4164326,0.4827378,0.46678045,0.44226027,0.43751052,0.43107945,0.47337833,0.43394694,0.43443662,0.46166164,0.45520186,0.44544837,0.43487427,0.4170298,0.564807,0.5781281,0.54477286,0.5127373,0.47918242,0.41559625,0.4133118,0.45336354,0.46378565,0.426372,0.40465382,0.45124882,0.5087101,0.40643978,0.39646688,0.42847246,0.3941351,0.39414716,0.39220008,0.4155236,0.40157664,0.3934539,0.41894504,0.42091522,0.4735198,0.61768407,0.52867746,0.48126024,0.43045542,0.4430503,0.43390703,0.38100553,0.40506917,0.39091516,0.39932612,0.40246892,0.4235889,0.40200496,0.39917916,0.3940196,0.3949498,0.40651014,0.4018825,0.3991034,0.4134313,0.4016781,0.39483887,0.40527207,0.396865,0.40865874,0.41900903,0.476179
0.6567208,0.5712032,0.58554184,0.5645051,0.55086374,0.55291873,0.46434593,0.5651734,0.5369827,0.51043874,0.55221665,0.5514679,0.55001116,0.5426569,0.5610073,0.5491991,0.58879757,0.5586995,0.5525203,0.5567033,0.58063567,0.6017505,0.52246445,0.5335988,0.55618775,0.6164273,0.5102112,0.57823527,0.5631162,0.55228394,0.53593385,0.5841068,0.5557071,0.5720464,0.5192438,0.49766713,0.52257335,0.485347,0.4993132,0.5305019,0.5231875,0.5098514,0.5179755,0.51834476,0.47217092,0.48843727,0.51701117,0.48216504,0.4775412,0.53536165,0.49192995,0.44986445,0.4966686,0.47268298,0.5028148,0.6617495,0.53310853,0.51812875,0.4820381,0.46531534,0.4644245,0.4592548,0.50062674,0.5029162,0.51763654,0.5010327,0.50851774,0.5083451,0.48280382,0.4969525,0.5028025,0.46259302,0.4649418,0.52969575,0.48350996,0.5188806,0.5316144,0.5039284,0.48138225,0.52674973,0.4861591,0.48951727
0.6622236,0.58234954,0.6048603,0.5821457,0.5596076,0.59021795,0.41040403,0.566571,0.5466824,0.51564384,0.5689707,0.53050756,0.5335948,0.5619502,0.58485913,0.59513104,0.60128623,0.55386436,0.54866964,0.5529773,0.59104764,0.5903054,0.559672,0.5652104,0.57306314,0.6136857,0.5244866,0.5681642,0.6182822,0.5266037,0.4670178,0.55387425,0.55260396,0.5683798,0.5250627,0.49994084,0.5311759,0.49548462,0.51368016,0.5767782,0.447559,0.5044116,0.51390696,0.5051497,0.47174492,0.45200545,0.4826652,0.47798908,0.4627719,0.4981815,0.52387524,0.46565554,0.5032115,0.50500894,0.47385657,0.5896343,0.5250784,0.5242956,0.5125991,0.5098311,0.51592326,0.51250607,0.4958403,0.5032543,0.5194117,0.49749455,0.5390488,0.50977606,0.5370816,0.54774415,0.5153412,0.48804364,0.4328377,0.47219676,0.43778852,0.48634657,0.5135491,0.5259297,0.5058199,0.49284777,0.51209545,0.47154328
0.8133369,0.65413797,0.75558096,0.65129983,0.6515466,0.6403893,0.42414564,0.6262812,0.67377234,0.73105353,0.65631676,0.6225046,0.63458025,0.6366636,0.64590824,0.63461214,0.6783957,0.6935833,0.643932,0.6561761,0.63563776,0.6255734,0.67778206,0.67062527,0.6506804,0.671642,0.610088,0.6471275,0.6448251,0.6204976,0.63305664,0.61260784,0.63835484,0.68759686,0.5680096,0.51409507,0.6069547,0.5659711,0.66164386,0.6093459,0.578484,0.59986365,0.5687963,0.53821635,0.5429064,0.5635881,0.56702095,0.58139575,0.57243544,0.59844446,0.5456965,0.570341,0.5447651,0.54504526,0.5649431,0.6025033,0.5489702,0.61423993,0.5624962,0.56066984,0.642866,0.53633636,0.5293025,0.5519929,0.59181845,0.5803889,0.5535066,0.5881902,0.55910623,0.5618152,0.562478,0.58018047,0.5083399,0.5056397,0.485513,0.54080516,0.5411474,0.57224274,0.58080435,0.53969634,0.5349144,0.54324543
0.71139246,0.6243216,0.6550609,0.5808673,0.59359324,0.56274843,0.4925562,0.5551294,0.5915292,0.62732315,0.5827359,0.5909782,0.59798694,0.5970248,0.58805174,0.59202164,0.645225,0.6308594,0.5771233,0.6118726,0.5834894,0.5876893,0.6312504,0.60451853,0.5904938,0.6112672,0.56859386,0.5888139,0.58126587,0.5337522,0.56963646,0.6536479,0.5687617,0.58552635,0.54814225,0.5651174,0.5824816,0.50271785,0.5715878,0.5430194,0.5389392,0.5487586,0.5315635,0.5051464,0.52401614,0.5311164,0.54021907,0.548535,0.5516422,0.5574211,0.52102745,0.55392444,0.504508,0.50164515,0.53438187,0.5799836,0.509795,0.5329188,0.53171307,0.48532397,0.577822,0.5110267,0.5355462,0.56923896,0.5747428,0.58868635,0.56210303,0.5947142,0.54424953,0.5105686,0.5560116,0.53206193,0.5007747,0.49194163,0.49562606,0.5247774,0.56711906,0.5641545,0.539341,0.54039556,0.5286218,0.51499903
0.71936774,0.6858673,0.6576353,0.56506777,0.6402492,0.60361326,0.39858633,0.59425896,0.59179246,0.6427177,0.62564605,0.6165594,0.6502427,0.65293473,0.63844883,0.622311,0.65007234,0.6940589,0.6129973,0.66679406,0.60576576,0.60346043,0.66824615,0.6727592,0.6626419,0.6810404,0.58313215,0.63116395,0.6044167,0.57147086,0.59733933,0.636798,0.57302344,0.59385914,0.56326324,0.5135533,0.5851107,0.5021355,0.5995737,0.56367505,0.5621517,0.594109,0.54219353,0.52155095,0.5494659,0.57692987,0.5709797,0.54700714,0.5499316,0.5574236,0.5048628,0.5344161,0.54853153,0.51509583,0.5297245,0.6180708,0.5926055,0.5635017,0.59613305,0.4849449,0.57382786,0.50888324,0.5219468,0.5396637,0.5645467,0.602821,0.5144084,0.5873197,0.5785009,0.5351401,0.55826557,0.52081996,0.47518444,0.44544297,0.479952,0.5259935,0.5382488,0.56275177,0.5384495,0.55192715,0.51989055,0.5263539
0.77491415,0.70019114,0.6599288,0.6194996,0.6245278,0.67411155,0.3950829,0.64854735,0.66799915,0.7350194,0.6590753,0.67541647,0.70368326,0.69468623,0.69861764,0.6737023,0.69987196,0.72553325,0.63891053,0.7114423,0.65963006,0.64967215,0.70549166,0.72154045,0.71062887,0.714131,0.6196233,0.6708653,0.66205764,0.602517,0.6682347,0.55801094,0.55263865,0.6295217,0.5682734,0.52582425,0.59309804,0.51628846,0.58790076,0.55503553,0.60353935,0.6125101,0.5981667,0.5651144,0.6087298,0.5545465,0.5502636,0.5446415,0.5642983,0.5789293,0.5737097,0.5777968,0.53050494,0.5378752,0.5789181,0.5363202,0.5018443,0.5888622,0.56342816,0.51452094,0.57950276,0.53363407,0.5285882,0.56326604,0.58791846,0.6057914,0.5683032,0.6282648,0.59801245,0.552932,0.55109704,0.5536277,0.48681557,0.47745025,0.5231654,0.5488784,0.5576749,0.5648937,0.553213,0.59308827,0.55794835,0.6210294
0.649318,0.6193323,0.52203506,0.52106416,0.5098538,0.50633526,0.4590753,0.5121113,0.49265885,0.50283074,0.49022737,0.48437995,0.49020386,0.5082916,0.52298,0.5144751,0.50315297,0.5064204,0.47620338,0.50180113,0.5052255,0.5150248,0.49831396,0.50391924,0.47812393,0.48959637,0.46093053,0.48053572,0.4897587,0.46952215,0.5107923,0.5022741,0.428786,0.46279,0.42708158,0.4025596,0.4602508,0.39739493,0.43217236,0.43028355,0.43277165,0.46610257,0.47323358,0.4563804,0.4677864,0.46413758,0.4428569,0.4562888,0.44168258,0.43507254,0.44533238,0.4568147,0.41984266,0.43203562,0.42394727,0.42857468,0.37902015,0.4335729,0.43719798,0.385152,0.43367088,0.41678548,0.43686977,0.4224434,0.42569327,0.43696275,0.44250917,0.45919895,0.44692773,0.45460677,0.4265716,0.43837422,0.41664603,0.39075798,0.42550856,0.4398898,0.46033984,0.44338125,0.43137473,0.47956857,0.46079546,0.45599574
0.6755091,0.55648136,0.5957296,0.4954542,0.55074865,0.5865188,0.46007067,0.5523783,0.5311589,0.6080904,0.6009135,0.5409031,0.58276486,0.5624936,0.5644556,0.579522,0.6012747,0.6297264,0.5521752,0.5886948,0.58257264,0.60106313,0.61397916,0.6145557,0.5828227,0.56819904,0.57681453,0.6044818,0.59899175,0.55853355,0.562897,0.46738818,0.44519788,0.57145506,0.49369195,0.43507046,0.55084574,0.4583338,0.5792464,0.49736822,0.498219,0.5280198,0.510272,0.49794346,0.52774453,0.5308511,0.5019976,0.5377878,0.5401428,0.52045715,0.52214605,0.5459861,0.5000366,0.4932316,0.50936025,0.4548439,0.4286552,0.51111436,0.5049654,0.43616265,0.5384365,0.5197054,0.4728008,0.48295414,0.49936125,0.4909082,0.48188114,0.49823022,0.5052041,0.49049258,0.46680915,0.48560077,0.44459555,0.42045623,0.48367363,0.4769162,0.5256382,0.5228528,0.4805105,0.51179856,0.47988433,0.5044743
0.6549096,0.55555415,0.5879727,0.5028566,0.55178976,0.543015,0.42950547,0.5521777,0.56368697,0.5981282,0.5388371,0.5039822,0.51518196,0.51303095,0.5241043,0.52640146,0.53888357,0.5441307,0.5035932,0.51277,0.5004272,0.53363997,0.49964836,0.48601162,0.5044439,0.4903742,0.49550948,0.50679815,0.52793133,0.50252753,0.5162075,0.43025458,0.4208458,0.4785318,0.4117952,0.41544944,0.48215744,0.42054665,0.5155969,0.45142558,0.4404838,0.4701142,0.45426542,0.45599413,0.4713674,0.45386457,0.4196925,0.4016577,0.42704868,0.44459352,0.47030252,0.44302243,0.43333045,0.44579038,0.46492168,0.4568181,0.39887795,0.40984207,0.4419286,0.42168504,0.4572869,0.46062073,0.43814242,0.4342629,0.41144782,0.41135275,0.4149875,0.42738515,0.42222935,0.42203438,0.41419894,0.41027492,0.38310495,0.36257342,0.3904792,0.39819297,0.44220388,0.45471543,0.4083769,0.4238611,0.41903716,0.4649408
0.6266317,0.52403784,0.5847218,0.5207771,0.543211,0.5744637,0.37580752,0.55387944,0.53008616,0.5604279,0.52599543,0.530437,0.53383505,0.5326508,0.5467136,0.53916025,0.5495587,0.58346415,0.5341912,0.5418975,0.5624022,0.5381123,0.5762,0.548947,0.55002,0.5500881,0.5377972,0.5558176,0.5693673,0.5151738,0.47793448,0.44577223,0.4112268,0.5345193,0.4511698,0.42673403,0.541896,0.45208466,0.47372547,0.4509659,0.4743443,0.49481177,0.5140655,0.45450053,0.48408547,0.4958138,0.4665103,0.4721217,0.49716336,0.4979619,0.515769,0.50791574,0.51625586,0.47241312,0.45703095,0.40946755,0.40357104,0.48569202,0.49879524,0.4569049,0.4441824,0.4355167,0.5005591,0.4484647,0.43826967,0.44840354,0.45662794,0.48702675,0.49412972,0.48817775,0.43255132,0.44028464,0.41652846,0.4184175,0.43912005,0.45735544,0.46834993,0.4921917,0.47956008,0.47981644,0.49098566,0.44334036
0.5970714,0.47714302,0.51299006,0.4338786,0.49143434,0.52703774,0.39212167,0.4958853,0.4483729,0.5061697,0.48617768,0.46442068,0.45344323,0.4708643,0.4737851,0.50149184,0.51081586,0.5091064,0.4495082,0.4743142,0.50514174,0.4768802,0.50179774,0.4810617,0.49580854,0.47168756,0.44931287,0.48139647,0.50019455,0.46462923,0.43759972,0.40599245,0.37130737,0.48010403,0.39775562,0.38500997,0.5024023,0.4343534,0.43536434,0.4138107,0.42701694,0.46374637,0.47047925,0.43252945,0.4264791,0.41246468,0.4046537,0.430048,0.42780796,0.45507395,0.49361646,0.4448819,0.46956363,0.46471474,0.42369825,0.4277931,0.3601503,0.43792623,0.4498077,0.39678225,0.40648323,0.41945055,0.45350465,0.40750477,0.39932078,0.40048796,0.3867884,0.427692,0.432146,0.4331531,0.39890033,0.40643427,0.40069348,0.38512647,0.38624352,0.4080913,0.4126053,0.4592948,0.4048034,0.42268038,0.4469015,0.4063
0.5578242,0.5129221,0.46770817,0.41819385,0.47426596,0.5035126,0.43450508,0.4678032,0.41702092,0.49106088,0.4470048,0.4427893,0.44657493,0.4552983,0.4714012,0.47188622,0.46355832,0.45116392,0.428765,0.45318907,0.50219274,0.47924864,0.47227845,0.45074782,0.45735776,0.4756025,0.45216542,0.44509175,0.47726005,0.4241177,0.4385423,0.4299243,0.37998128,0.45397812,0.40170267,0.37609696,0.45229274,0.41264087,0.407195,0.43238103,0.40833864,0.42555708,0.4439603,0.42984134,0.3970117,0.40534815,0.39947766,0.4066561,0.40490407,0.43115288,0.4352656,0.4236544,0.45477414,0.4362455,0.3994136,0.38674426,0.36068708,0.43694103,0.4235729,0.3774805,0.41063386,0.41077673,0.41894817,0.38563755,0.39183956,0.39100596,0.40894216,0.42635036,0.44306353,0.42512137,0.3817835,0.3859176,0.3910601,0.3949723,0.41460782,0.42392737,0.43229944,0.4448618,0.41837442,0.44474605,0.43535477,0.3804385
0.54148185,0.50739264,0.4491992,0.39819512,0.44059998,0.47906503,0.463641,0.4493879,0.4650712,0.4841352,0.44135803,0.4614699,0.41508633,0.4280727,0.4399655,0.472525,0.47225142,0.4386968,0.4150347,0.4282336,0.4501446,0.46090278,0.4615322,0.42407426,0.43265975,0.43012157,0.43740046,0.4069973,0.43339884,0.45808488,0.4539699,0.43902215,0.39106134,0.4204365,0.3751149,0.3787999,0.43908763,0.46444386,0.4191988,0.39884138,0.45542896,0.4297077,0.4279033,0.4347365,0.44111478,0.418436,0.41620958,0.41924965,0.41330847,0.4297685,0.44234416,0.4141519,0.46367204,0.48152852,0.42175937,0.42008844,0.36017287,0.39528787,0.41201842,0.41218692,0.40768716,0.4028288,0.42032328,0.416192,0.38862455,0.38144803,0.39121693,0.4029413,0.40422744,0.42175317,0.4041416,0.4063031,0.39764845,0.39703438,0.41047642,0.41089547,0.41031486,0.42506564,0.41504171,0.42810982,0.42950258,0.42288208
0.5577618,0.51172507,0.46231222,0.4181046,0.4658053,0.47280586,0.48459014,0.4518128,0.49407157,0.44589892,0.44500917,0.43102133,0.44127333,0.44432184,0.4304008,0.46003813,0.46677893,0.42834792,0.43146098,0.42477918,0.42656,0.47143942,0.43283403,0.42666858,0.4415149,0.41695315,0.49127725,0.45484698,0.47111756,0.4975813,0.5315387,0.4818493,0.435862,0.4183739,0.38625664,0.3947181,0.44880962,0.45426348,0.4231946,0.43010968,0.40217018,0.42628875,0.4344431,0.4155603,0.42494518,0.4040196,0.38809767,0.4124204,0.4156518,0.45522967,0.4844259,0.44230366,0.45472917,0.5060723,0.4787869,0.43620878,0.39817595,0.40656802,0.43640465,0.4227814,0.38835865,0.40661818,0.44142568,0.40073466,0.3863259,0.38501996,0.40793687,0.44467294,0.44658613,0.44724095,0.43497378,0.40735772,0.3994535,0.3859781,0.43333596,0.42051706,0.4251705,0.46855116,0.42322093,0.43006057,0.46490192,0.5118774
0.6119964,0.53025067,0.47707927,0.43679518,0.46907622,0.48039144,0.47568738,0.4465797,0.5023314,0.4558802,0.47354764,0.4736064,0.45201463,0.48764095,0.48286843,0.46462148,0.4679709,0.44677603,0.43340057,0.45312363,0.46133977,0.46026993,0.45823726,0.43242055,0.45070535,0.43924427,0.4468014,0.44063872,0.4537164,0.44402748,0.50385404,0.5837228,0.46760118,0.411932,0.39097905,0.40044957,0.43889678,0.43447763,0.43919522,0.41997734,0.4171056,0.42531735,0.43430948,0.41885203,0.42495275,0.4145916,0.39586192,0.40421724,0.3865631,0.4465245,0.47648507,0.4226536,0.42363203,0.4444245,0.4365152,0.5242722,0.44433355,0.39908677,0.4339344,0.42757642,0.40829915,0.42811996,0.42560378,0.41376665,0.40605837,0.39039624,0.42146948,0.42906547,0.44558173,0.45026743,0.42334086,0.41249788,0.41792956,0.41228992,0.4362159,0.4510354,0.4561144,0.45433772,0.43473804,0.44136894,0.46167654,0.4830138
0.5405555,0.5518111,0.49143994,0.45417178,0.46572393,0.459607,0.5115293,0.45579433,0.5470474,0.47657314,0.44789216,0.47328553,0.45230958,0.45901233,0.4765423,0.48911926,0.5006684,0.4620102,0.41247022,0.450764,0.44935358,0.4691717,0.44275004,0.43198872,0.44062874,0.42115343,0.44496888,0.4498886,0.4614934,0.490579,0.49189618,0.5825175,0.4986425,0.4304502,0.39438492,0.39907756,0.41994572,0.45829463,0.44143075,0.41373044,0.43356767,0.43488127,0.42650414,0.4141386,0.47442037,0.4390003,0.43096936,0.40437308,0.40640503,0.44590777,0.48973936,0.43463933,0.43777588,0.4508108,0.451459,0.54136384,0.4879184,0.42685628,0.43737787,0.44705233,0.41210663,0.40768236,0.38469684,0.42238516,0.40206492,0.39202243,0.4126128,0.42978674,0.42032278,0.4271928,0.42922902,0.40972978,0.39051142,0.39038926,0.40918875,0.43078727,0.41433287,0.45180523,0.4430396,0.4336532,0.47666454,0.4958983
0.4874428,0.5139074,0.48486078,0.428445,0.47866312,0.45203564,0.48789376,0.43477994,0.49063474,0.42134288,0.4098302,0.4333169,0.42055374,0.45083162,0.46996,0.44997656,0.44747213,0.4348179,0.42987406,0.4533437,0.422666,0.45337552,0.43918228,0.40621874,0.4438978,0.43504786,0.4523074,0.45004603,0.44258082,0.44384146,0.43261033,0.508904,0.3923496,0.37502164,0.3450449,0.35640946,0.4044103,0.42223102,0.38516605,0.35082847,0.39459532,0.3983447,0.38133353,0.36709893,0.41065308,0.38968217,0.36889774,0.36300716,0.36390033,0.43124792,0.4417393,0.41583577,0.39848125,0.42374414,0.38498214,0.40822196,0.37821317,0.37188464,0.40421715,0.38713616,0.3651902,0.36799788,0.3765195,0.39875546,0.35894072,0.35806057,0.37828946,0.39259577,0.41055673,0.39165848,0.41847357,0.38490424,0.36457825,0.35472915,0.3756761,0.38792276,0.41829622,0.40390533,0.425922,0.42333084,0.4299345,0.44956183
0.56237733,0.57901007,0.5975506,0.45672822,0.47369093,0.46190494,0.51214844,0.5131507,0.5757642,0.51689494,0.4658698,0.48712593,0.4906121,0.49345446,0.48637027,0.50752366,0.52035785,0.48854905,0.47273478,0.4749344,0.4545303,0.4869156,0.4799507,0.4547071,0.45493257,0.45872492,0.47902942,0.4967377,0.47480702,0.50699043,0.50133955,0.5027245,0.4479459,0.4305302,0.38804442,0.41650426,0.43426374,0.4717949,0.42462572,0.40620327,0.41968852,0.4298099,0.441251,0.44061688,0.46779972,0.45443437,0.42869258,0.4375254,0.42183214,0.46068725,0.476394,0.4646374,0.43415058,0.46441036,0.49058706,0.46637744,0.45466894,0.41053313,0.41645277,0.44547063,0.39984864,0.40720636,0.4018042,0.43317324,0.41826177,0.41770437,0.4373001,0.42389607,0.43658847,0.43477952,0.4910823,0.42570013,0.42574105,0.3998203,0.4238596,0.4292516,0.42162472,0.45127773,0.4419676,0.447451,0.5033217,0.52115715
0.5650413,0.56603014,0.53930783,0.39176446,0.4099093,0.41810393,0.4551413,0.41870028,0.39939278,0.45657074,0.4314344,0.34636146,0.369249,0.36526248,0.38305563,0.38419896,0.390787,0.41353285,0.40598583,0.39337277,0.39479524,0.38664412,0.4056669,0.38266802,0.39241922,0.3841108,0.37889612,0.38627523,0.41537607,0.4208454,0.41975445,0.50153726,0.4090211,0.3606082,0.32610232,0.32714373,0.3583592,0.34342337,0.36602354,0.34139496,0.32606894,0.37146372,0.3842526,0.38393956,0.38123864,0.39745444,0.34861147,0.37299132,0.3678785,0.3780356,0.3801237,0.39937592,0.37854236,0.35441238,0.3759749,0.40334454,0.40044573,0.3412377,0.322917,0.3316756,0.35184142,0.35364556,0.32877308,0.32149708,0.33033422,0.32600802,0.340398,0.33589423,0.34780806,0.3430034,0.3157261,0.3193073,0.33516455,0.30935428,0.33937675,0.33740067,0.34290385,0.36532545,0.34799802,0.3774297,0.36911023,0.41861182
0.6448001,0.6229043,0.61244047,0.51242375,0.55506283,0.5169004,0.5742829,0.5454067,0.61866564,0.5718919,0.53729093,0.53929555,0.52740747,0.56787324,0.5360619,0.55043495,0.5671816,0.5350324,0.5467659,0.51079315,0.51904297,0.54531646,0.5265181,0.47592145,0.50111943,0.485986,0.54726636,0.521842,0.50950027,0.5669186,0.6240983,0.61536497,0.6027799,0.49515042,0.4242426,0.434579,0.4691882,0.5567876,0.47516355,0.43975618,0.46336165,0.50067526,0.45546174,0.463328,0.5201395,0.5226392,0.47724485,0.46426278,0.47452825,0.48357403,0.5428572,0.46221283,0.4832481,0.58392054,0.57974416,0.61752975,0.57970524,0.4663716,0.44423723,0.47788635,0.43787047,0.43615794,0.4977983,0.43874678,0.42875648,0.4266137,0.45597875,0.4728446,0.46118268,0.5065159,0.5146362,0.42824066,0.47070724,0.43572173,0.46540087,0.44738922,0.46291468,0.4955606,0.4508838,0.45891243,0.5247897,0.60388947
0.72345006,0.73859894,0.7116277,0.5074611,0.5374066,0.47326347,0.52633005,0.50713843,0.6484351,0.6305978,0.5309534,0.5164298,0.50445867,0.5540106,0.50675255,0.53098047,0.5375975,0.5328884,0.54125917,0.48745447,0.45062375,0.5541272,0.5176388,0.46638173,0.47216213,0.45252812,0.46894723,0.48705128,0.46887377,0.5152255,0.574383,0.6045084,0.5835877,0.52995837,0.43069252,0.40662175,0.42854398,0.5360236,0.52970743,0.46104592,0.44055283,0.4272166,0.39452833,0.40713263,0.45578733,0.43221354,0.39758807,0.37647483,0.40299666,0.44528908,0.47889054,0.43355277,0.44186774,0.50343233,0.5709851,0.54891145,0.5698407,0.5356931,0.43519494,0.4847859,0.51804787,0.46885502,0.5109295,0.4323979,0.38023454,0.40021732,0.4272793,0.46392545,0.4602736,0.45355308,0.45922494,0.4197927,0.4778966,0.41481084,0.44211963,0.4207694,0.43566984,0.48688358,0.43298426,0.4424872,0.47993928,0.5492086
