0.13250953,0.46079513,0.53987867,0.60066354,0.40727207,0.46856245,0.54480296,0.49812582,0.42095748,0.43765286,0.59476954,0.44200754,0.5213031,0.5929883,0.44131115,0.5220804,0.3645057,0.5907068,0.4785041,0.42665973,0.57920027,0.36767143,0.5024888,0.5166927,0.32609165,0.51051134,0.46199647,0.35416448,0.34634653,0.38751,0.88947344,0.44110584,0.48304066,0.22546871,0.37195608,0.8424788,0.49478298,0.32824257,0.33874136,0.44661322,0.3706555,0.3245747,0.47397065,0.27151284,0.36045888,0.50355315,0.27391008,0.45426735,0.34306827,0.35643736,0.32426995,0.30620995,0.30934268,0.33779442,0.32407638,0.3640139,0.47718373,0.532948,0.30307767,0.44893554,0.24766251,0.30241457,0.4385075,0.37346196,0.32666957,0.45248213,0.38671717,0.24110456,0.42446795,0.33515248,0.51342094,0.34276542,0.26590222,0.2868818,0.26749533,0.2960263,0.42359227,0.27527046,0.3961319,0.2236806,0.19785558,0.36394247,0.3134469,0.33200827,0.26343077,0.29249504,0.28760198,0.35403433,0.25560325,0.35484228,0.3684022,0.27197167,0.36887807,0.30694813,0.31066564,0.3935361,0.22252485,0.4859656,0.26621503,0.21409845,0.18091105,0.37522393,0.22809257,0.30952284,0.2756794,0.47856393,0.24215211,0.19785956,0.34144217,0.47606128,0.22661316,0.25109097,0.6986401,0.32700935,0.1901501,0.31277382,0.28761202,0.35761097,0.3210844,0.4677662,0.21504581,0.33197019,0.2231494,0.36098436,0.23404717,0.368561,0.21802448,0.24451196,0.1566911,0.28766012,0.34396482,0.3605151,0.22027394,0.47017416,0.31344604,0.26628545,0.25510907,0.4589975,0.3157772,0.34132284,0.18392481,0.17400031,0.2670165,0.263576,0.25175187,0.25249496,0.31822294,0.15965824,0.18718815,0.23548909,0.1619203,0.19339973,0.31038073,0.14200895,0.16286694,0.30358085,0.22902411,0.4427744,0.1980499,0.28963038
0.386474,0.6131715,0.5814372,0.64045286,0.29694852,0.31838697,0.5703109,0.44648936,0.30983746,0.46460122,0.63776183,0.4042678,0.5352939,0.5787391,0.29537505,0.55019516,0.37929735,0.62381727,0.41990584,0.31596905,0.67814803,0.26138386,0.56945574,0.5342178,0.35107473,0.53126025,0.4889849,0.35439953,0.26161122,0.46332726,0.60160804,0.3243453,0.8633864,0.17212623,0.43506312,0.576003,0.5052933,0.29284027,0.19312526,0.48387125,0.28583267,0.21875188,0.5061745,0.21631116,0.293195,0.62190884,0.21544904,0.8332799,0.3193375,0.24048477,0.25405875,0.33339402,0.21413273,0.29130647,0.3498887,0.46074015,0.539426,0.592836,0.24887963,0.4735454,0.23378591,0.30263034,0.45388633,0.40492678,0.22474273,0.45992148,0.4198925,0.19998144,0.45752168,0.36876673,0.58027405,0.23672694,0.29235554,0.19126226,0.21859138,0.3558839,0.7987624,0.26091328,0.445418,0.22490785,0.1653182,0.44111824,0.348524,0.2665723,0.18069011,0.2196462,0.26576942,0.4860914,0.27682477,0.3083195,0.5573444,0.21771598,0.42402944,0.27367344,0.25097427,0.7869554,0.26142004,0.5747178,0.21499172,0.25743583,0.15532441,0.4210682,0.22088943,0.2419432,0.21084012,0.5616701,0.17001726,0.15965556,0.47399327,0.5660073,0.19949827,0.34382826,0.46511456,0.23489578,0.24886842,0.294554,0.2915364,0.40373385,0.42633978,0.5589871,0.17112206,0.50238013,0.13529749,0.3912935,0.15544052,0.3994903,0.23449129,0.23895432,0.20077847,0.22640653,0.39016715,0.7269692,0.23479028,0.56269085,0.2968499,0.28352076,0.20235403,0.5487229,0.21414395,0.37334764,0.18196091,0.16498236,0.2564828,0.15705007,0.28434345,0.18661232,0.37263843,0.17181113,0.1881716,0.31577572,0.16927002,0.24684623,0.28605878,0.18672954,0.16926844,0.22274886,0.27294827,0.5391039,0.12543233,0.42153412
0.3818742,0.4786537,0.5187391,0.64623046,0.3235231,0.37108722,0.4753884,0.4937978,0.38166547,0.35432044,0.6341072,0.42211053,0.44535407,0.78090376,0.3425959,0.4507258,0.33679554,0.60559803,0.40837148,0.3243983,0.40248555,0.27561036,0.38723108,0.4282547,0.30365822,0.4215638,0.39381376,0.3415472,0.29897922,0.85040647,0.47761244,0.38135746,0.56581825,0.23847929,0.81603307,0.42022339,0.41296327,0.30819649,0.30001366,0.34169468,0.2803163,0.23040155,0.30847195,0.2511248,0.2813921,0.34995615,0.2501729,0.53806704,0.32533658,0.2540295,0.26792434,0.25811103,0.22711994,0.28203338,0.2846606,0.2463578,0.31911907,0.5302228,0.21199448,0.36284003,0.24760297,0.24640487,0.34264085,0.32275704,0.21966735,0.3433794,0.32237208,0.22920488,0.42069492,0.24336809,0.50614953,0.20689757,0.18075676,0.19650175,0.21742795,0.26228842,0.5170424,0.30323938,0.3225087,0.20482315,0.20925929,0.37610215,0.22521885,0.24520634,0.18352059,0.22896762,0.26196775,0.2899404,0.22484569,0.25765088,0.25099966,0.23338611,0.3007237,0.25371838,0.24129838,0.4989078,0.27273998,0.49984962,0.21174723,0.19815445,0.17962034,0.310382,0.21333173,0.23938377,0.2510002,0.4838225,0.17647952,0.16888443,0.24778922,0.4845464,0.17464587,0.5822151,0.28638548,0.24141593,0.14783567,0.29008076,0.21966809,0.29606947,0.22075672,0.47249222,0.17560421,0.20811659,0.14785707,0.27922925,0.16806196,0.29394656,0.21364999,0.21534242,0.14796908,0.24899344,0.6832863,0.476908,0.23725142,0.4830787,0.297973,0.19989893,0.19019514,0.45161042,0.23661163,0.28022107,0.17052713,0.14607939,0.24299031,0.18303654,0.17437452,0.1666524,0.2847048,0.18532567,0.13295715,0.24264783,0.18451703,0.17046662,0.454847,0.13522834,0.15759589,0.21509735,0.16407572,0.43533498,0.15508097,0.21773854
0.38988107,0.5152812,0.70574605,0.6953879,0.31546476,0.34182903,0.62525415,0.49587667,0.33184054,0.6372473,0.6758754,0.39031446,0.4248916,0.40941268,0.33664003,0.54781437,0.57478744,0.65478903,0.39487764,0.33246556,0.65602666,0.2767154,0.5038962,0.49934733,0.4262829,0.47222242,0.4739708,0.47119722,0.2988259,0.31780666,0.71812344,0.35695672,0.47658515,0.2807531,0.26626128,0.61352247,0.47468293,0.2679897,0.25151533,0.4456306,0.29680654,0.22818227,0.51190937,0.2342836,0.31028217,0.5844627,0.2526792,0.44134814,0.39901567,0.24980989,0.26277277,0.42145908,0.22445679,0.3051802,0.27986363,0.67952555,0.45995817,0.590014,0.2510748,0.37158924,0.28535318,0.22970974,0.32807255,0.3591892,0.20226435,0.34752163,0.40796015,0.2587257,0.2628094,0.43706858,0.57013315,0.20031567,0.32563844,0.1963673,0.2657126,0.27882302,0.40938097,0.31711194,0.2747859,0.18022715,0.21396914,0.21880983,0.3703053,0.22584194,0.18069237,0.28093982,0.21261375,0.6708735,0.30980253,0.25570905,0.48635647,0.21102862,0.25375238,0.22067726,0.20665668,0.39025727,0.31319708,0.5533442,0.19854562,0.26277518,0.15556486,0.30384544,0.19823599,0.21560676,0.22800407,0.5634348,0.17634417,0.16908215,0.40887913,0.5591978,0.17153761,0.20607923,0.54479903,0.22699697,0.2445337,0.2527677,0.18956311,0.28167367,0.32900614,0.5351981,0.19401614,0.41991737,0.1642651,0.27631912,0.16055025,0.29888356,0.22795285,0.15836424,0.21132793,0.20753112,0.20381987,0.38213775,0.21509856,0.5427287,0.2540337,0.17590004,0.17144261,0.5203576,0.20847084,0.27290827,0.14429635,0.13956407,0.20444964,0.1509504,0.2955976,0.1621522,0.2583891,0.2072671,0.13468689,0.24249789,0.2179067,0.2659142,0.17212577,0.21430424,0.14818971,0.2209103,0.2609822,0.49322763,0.11476788,0.21524161
0.65490246,0.5093647,0.48000482,0.6088387,0.46128824,0.5077902,0.4955754,0.5526624,0.4559417,0.36238292,0.6051717,0.4333971,0.40715078,0.4447216,0.48464605,0.46149564,0.41395855,0.57289,0.49988505,0.39807603,0.4214835,0.38724566,0.39529222,0.4412287,0.36000818,0.43499988,0.42996177,0.36396608,0.34726402,0.47973305,0.41993916,0.46271712,0.44653958,0.25107083,0.4989737,0.43055853,0.48324934,0.4626427,0.33961174,0.41027474,0.44837266,0.36321405,0.370833,0.32960746,0.38623437,0.37265524,0.28072834,0.38160938,0.29829064,0.3707021,0.3401792,0.32719964,0.35754707,0.40146986,0.35878986,0.26835364,0.3433344,0.5164398,0.37294963,0.4011223,0.2876068,0.31896767,0.4129398,0.40394998,0.30869344,0.38566715,0.37645152,0.28114495,0.30060527,0.29341877,0.49605367,0.34942693,0.23249605,0.31055707,0.250675,0.30244476,0.37029943,0.30973873,0.3668113,0.2705813,0.28205973,0.32940993,0.30281645,0.3789139,0.31446308,0.3325441,0.290924,0.3242418,0.23931193,0.37073812,0.3645225,0.3246058,0.38763157,0.36423528,0.31866857,0.38526905,0.29897562,0.47230333,0.31159216,0.27072242,0.27677718,0.36948705,0.2774791,0.29353678,0.3632624,0.45592842,0.27564162,0.24271,0.33004215,0.46492434,0.28106084,0.38640994,0.32197458,0.3404288,0.19694857,0.34967646,0.2524084,0.3508873,0.28235215,0.467308,0.25857154,0.33904886,0.29449016,0.348438,0.29453793,0.34411678,0.25948486,0.27600014,0.22244039,0.32320967,0.29290804,0.3502144,0.27874258,0.43414098,0.3298814,0.23266801,0.22858803,0.43976477,0.32535174,0.35526174,0.23286767,0.2591699,0.35166276,0.30375338,0.25207537,0.24517721,0.355176,0.21219888,0.23857038,0.34385598,0.22341178,0.25428823,0.24771613,0.20621969,0.23185208,0.31551698,0.23419666,0.43946025,0.25111997,0.31344885
0.98911905,0.343214,0.15471783,0.47951877,0.37221697,0.48707983,0.15177025,0.34831032,0.33635122,0.19508587,0.47542995,0.37890986,0.4581535,0.5059085,0.47863552,0.14546107,0.22670871,0.47079828,0.5146159,0.4255999,0.35974073,0.356075,0.27891988,0.13854595,0.28147382,0.13955368,0.18557428,0.26439196,0.34245294,0.40315795,0.44996604,0.44494098,0.2055841,0.19521236,0.39968827,0.44895673,0.365213,0.41864622,0.32185575,0.1801247,0.41990086,0.34440577,0.25400487,0.27018502,0.37370235,0.33870077,0.27842438,0.1926461,0.18362977,0.45445085,0.3082649,0.16247423,0.33663324,0.45278823,0.45203325,0.29160148,0.21490367,0.45186117,0.39039052,0.12400192,0.26977575,0.329435,0.12250563,0.16186814,0.333969,0.12225411,0.16036184,0.26610464,0.34870875,0.29457283,0.44423226,0.35472137,0.16456327,0.32496384,0.2944035,0.44285145,0.17876554,0.25950727,0.11925163,0.22870508,0.33013988,0.39494237,0.28979325,0.439376,0.31841087,0.43726185,0.30907348,0.3602766,0.27017772,0.42310283,0.30051708,0.39892638,0.10958955,0.34473908,0.3454763,0.15874958,0.1777477,0.42922062,0.36943793,0.17732912,0.28393376,0.106647916,0.19686204,0.34486404,0.34577483,0.43036926,0.30501235,0.29832563,0.246827,0.4269663,0.33343107,0.3393489,0.38795877,0.39338762,0.14612886,0.5031075,0.34472042,0.101030484,0.18777284,0.4202461,0.26067948,0.27882308,0.35507718,0.10253373,0.33577758,0.10344363,0.25898144,0.37228635,0.15604262,0.42922556,0.42703983,0.154019,0.23703133,0.4204006,0.497432,0.3398575,0.30539632,0.415452,0.38083926,0.09557577,0.1968702,0.18249133,0.26894104,0.3546998,0.2538933,0.29069814,0.094200686,0.22495797,0.2852176,0.12602755,0.28438896,0.29247612,0.36680564,0.14459775,0.18812966,0.387341,0.25396076,0.4086815,0.2748928,0.22233517
0.99999905,0.32784078,0.4403481,0.73153466,0.42539778,0.46588504,0.43646082,0.40492406,0.40780294,0.25397855,0.7283824,0.5479335,0.6012551,0.52859,0.45740926,0.42470628,0.28606766,0.72510517,0.60593575,0.41195074,0.41541013,0.4121634,0.4169534,0.42070016,0.34790882,0.4202746,0.47366902,0.24325415,0.4719995,0.3165848,0.31248155,0.41581613,0.44815966,0.19048525,0.30786934,0.30802634,0.5505783,0.60541147,0.33493927,0.41627792,0.46239012,0.39180085,0.41307345,0.35507068,0.3253949,0.3831468,0.31413332,0.431825,0.30898535,0.42696068,0.38039547,0.25596517,0.381183,0.5493965,0.5354183,0.14573304,0.2408034,0.7058249,0.42042765,0.36574802,0.37444174,0.26388958,0.35972586,0.39838138,0.35760793,0.35723102,0.3930746,0.37577802,0.29963443,0.2460507,0.69835985,0.3493808,0.2093568,0.36188656,0.4375197,0.52061725,0.37976283,0.34220463,0.3442971,0.24424073,0.4910462,0.32842568,0.23693176,0.515198,0.348669,0.54587394,0.27482158,0.28133786,0.22728653,0.39418676,0.32471007,0.4620294,0.32293507,0.39491624,0.3320875,0.34905198,0.30961913,0.6861099,0.44736448,0.17554796,0.31057894,0.31575269,0.22361332,0.32697594,0.33211905,0.68371063,0.33521444,0.29838926,0.2910132,0.68075424,0.4020383,0.22893506,0.26174545,0.34846982,0.18678483,0.6912753,0.3021217,0.30403745,0.26502842,0.6774297,0.27246007,0.30233458,0.3786511,0.30183423,0.346588,0.29973003,0.35120165,0.3915436,0.25079635,0.46609896,0.48761302,0.3229821,0.38408825,0.67422146,0.68218046,0.2945911,0.3795362,0.6730882,0.33653864,0.28954685,0.21242866,0.21523006,0.42589337,0.3049338,0.21165705,0.31282488,0.28583947,0.31422493,0.22758113,0.30596286,0.3082627,0.3541572,0.34502998,0.23823683,0.22955698,0.46332186,0.20763049,0.666281,0.23859394,0.26436806
0.6753525,0.39004755,0.45847368,0.5837785,0.40048808,0.51068455,0.4304315,0.5075901,0.4307127,0.32300887,0.570923,0.28191075,0.29050714,0.4223574,0.50416195,0.43430394,0.40845197,0.58571434,0.47212198,0.48672545,0.52230525,0.42601946,0.4075248,0.43983713,0.3894461,0.43778875,0.3896369,0.42776525,0.3653688,0.96110886,0.38074276,0.50749266,0.39012232,0.25110093,0.9488416,0.3274673,0.4744194,0.44257033,0.44558766,0.27777928,0.41198534,0.38047266,0.3914219,0.33033213,0.4281055,0.50184965,0.34838337,0.4457063,0.5211938,0.52746636,0.43174908,0.33486187,0.37012652,0.4037705,0.27953088,0.27692303,0.35909256,0.5431775,0.35345274,0.39162987,0.32032868,0.3146914,0.3559724,0.29933637,0.31811136,0.37881824,0.3274476,0.3220671,0.33135778,0.33178964,0.53023815,0.34779134,0.26869178,0.36409196,0.35851166,0.28649068,0.38984805,0.42260164,0.37981278,0.2709725,0.32721782,0.3149074,0.29719895,0.47489405,0.33738953,0.3595211,0.2878712,0.29084113,0.2824146,0.32561237,0.383326,0.28869992,0.34288436,0.35184097,0.34193647,0.37379467,0.36254358,0.52533257,0.3511996,0.3099198,0.31989002,0.35296407,0.31783307,0.3512075,0.48515558,0.52653885,0.35471392,0.32166958,0.3623932,0.5133722,0.28930128,0.9401953,0.2882204,0.4484159,0.2567952,0.31914622,0.32900068,0.377345,0.32608637,0.5012625,0.3109296,0.36868265,0.2859086,0.34362575,0.2905921,0.3371945,0.29974234,0.2680516,0.22513098,0.37607563,0.24934782,0.33244494,0.37908244,0.50875545,0.3097777,0.31627473,0.29382715,0.5051454,0.42967796,0.3394008,0.23250857,0.28515446,0.3663279,0.37175092,0.26833564,0.2812199,0.32508636,0.25859153,0.2523569,0.23968588,0.2791194,0.22253168,0.2945435,0.22081842,0.25370425,0.32480693,0.24411911,0.45776677,0.28805438,0.2823221
0.44647497,0.59237534,0.38364795,0.79408276,0.56866366,0.6754151,0.3825506,0.6329379,0.6412983,0.45196962,0.7909451,0.6872424,0.60023427,0.55719256,0.66293406,0.375359,0.50777,0.7872115,0.73211455,0.6403857,0.52037376,0.55143327,0.4857602,0.37619346,0.5009269,0.3761275,0.4292366,0.56070536,0.54841614,0.5597309,0.58587414,0.66459984,0.4451712,0.5490442,0.5583205,0.58352846,0.71705997,0.6377178,0.5511017,0.446019,0.63783765,0.53971416,0.46986875,0.50229084,0.6166722,0.5107865,0.4866041,0.44207165,0.5197051,0.64525235,0.5840406,0.4282616,0.53706235,0.705142,0.56681037,0.40989342,0.4879596,0.7792769,0.60586524,0.37051472,0.5647487,0.41256002,0.3736764,0.42505518,0.58765393,0.3709951,0.42254907,0.5605779,0.45977196,0.5197186,0.77855986,0.6148449,0.42064542,0.5267949,0.59843415,0.56022114,0.44179794,0.60520273,0.36967856,0.5077664,0.62498933,0.5092977,0.51381963,0.6724731,0.52603716,0.72772825,0.44323015,0.4796334,0.47302687,0.65967375,0.5021213,0.56778014,0.37188244,0.62240404,0.59646875,0.4454994,0.4414744,0.77457917,0.59603965,0.48013318,0.5381518,0.37298256,0.5413952,0.5909521,0.61832577,0.7745933,0.5264705,0.51660925,0.50459343,0.77601445,0.56754386,0.53709847,0.5572294,0.6496267,0.41570708,0.76336145,0.50694495,0.36803263,0.46499598,0.7739832,0.5373441,0.4939354,0.579845,0.36578342,0.5666241,0.3679773,0.58298063,0.43784422,0.42610988,0.68483347,0.49171427,0.44472224,0.50579107,0.77081394,0.75927114,0.5047923,0.5820981,0.77414155,0.64447016,0.36793685,0.49329817,0.50709176,0.60345495,0.6095354,0.50465363,0.572797,0.36883768,0.5473219,0.38778198,0.41808107,0.61110854,0.4135976,0.4684178,0.4228835,0.4832519,0.6852802,0.5041819,0.7734151,0.5637744,0.49416772
0.5642796,0.60513186,0.57535017,0.8491462,0.5984551,0.64127094,0.57371914,0.5560503,0.6281407,0.4602768,0.84920377,0.725345,0.719656,0.6503921,0.64165604,0.5760629,0.5404006,0.849627,0.7087972,0.61918986,0.48457196,0.5988575,0.49392283,0.5775563,0.49767643,0.5779541,0.56342417,0.5401916,0.63064796,0.6862612,0.54772335,0.6526035,0.6584311,0.60933125,0.68507046,0.54604554,0.75631464,0.6796303,0.6002685,0.5633652,0.6398953,0.6018495,0.5143192,0.5692808,0.58531314,0.4828212,0.53810763,0.66247153,0.5820606,0.6421285,0.58725494,0.52937406,0.5970807,0.7373436,0.6786562,0.39907432,0.47844332,0.8499865,0.651566,0.5830477,0.67977667,0.52627134,0.57862467,0.5638186,0.61604226,0.5793172,0.5686287,0.64714944,0.5362632,0.55754143,0.8498247,0.5953396,0.46051115,0.6044684,0.6846935,0.6804403,0.66449183,0.66317546,0.5757673,0.5652699,0.72612596,0.5546659,0.5548077,0.71574825,0.6012897,0.77858937,0.60958356,0.5636507,0.5074027,0.6479776,0.4749154,0.62450397,0.5766888,0.6256748,0.6211049,0.6583685,0.57787746,0.8496457,0.62267894,0.5216462,0.6106137,0.5798117,0.59554726,0.62486964,0.64724743,0.85037386,0.6010528,0.5967725,0.516867,0.84963983,0.60371256,0.6806562,0.53276175,0.65003055,0.453463,0.8106092,0.58405656,0.57869124,0.4704046,0.8490298,0.56875485,0.4713261,0.6400507,0.580546,0.62773824,0.5839144,0.66270506,0.6347951,0.4992337,0.73272735,0.6397696,0.6613294,0.60360724,0.8507793,0.8129695,0.5859071,0.6328382,0.8493619,0.65081924,0.57584935,0.5640167,0.55227417,0.66791975,0.63521415,0.55064714,0.61520857,0.5754802,0.6770766,0.5179403,0.5615447,0.64349985,0.603915,0.58340746,0.49365294,0.54825526,0.72868085,0.5498262,0.84884465,0.58824205,0.51310915
0.9194805,0.5428019,0.58445626,0.75195414,0.4893897,0.55536366,0.44757664,0.53247684,0.53409666,0.36124924,0.73522997,0.5539487,0.360825,0.2588503,0.49248132,0.39060634,0.34192786,0.7184037,0.5946905,0.53514,0.33596626,0.43907315,0.337415,0.40384284,0.3537868,0.3889951,0.3293235,0.37689784,0.44649616,0.27529207,0.2617917,0.5027147,0.37621057,0.26470202,0.24733639,0.24938542,0.5917605,0.454892,0.45176107,0.30011982,0.5168442,0.40981615,0.31024212,0.3346058,0.44346496,0.26626292,0.37806645,0.35086775,0.43418303,0.46131524,0.4284556,0.30802482,0.3526933,0.41346785,0.2486863,0.16056208,0.26946792,0.645011,0.39587688,0.32841557,0.32086575,0.2087766,0.3418572,0.27917773,0.36658183,0.31871644,0.26722625,0.3392956,0.23028262,0.290044,0.63477707,0.42718706,0.25756836,0.3535067,0.38464448,0.23822503,0.33428743,0.36894014,0.324418,0.23067802,0.36298087,0.19942455,0.25862566,0.42197716,0.3073327,0.4240946,0.20128429,0.1834039,0.24840224,0.38084552,0.23367994,0.29364732,0.30347326,0.42422605,0.30773702,0.29192236,0.27380276,0.60027677,0.4313778,0.27953306,0.32141578,0.30449986,0.25430852,0.29998627,0.42227116,0.61250156,0.32369435,0.27611533,0.23092131,0.60153717,0.33238342,0.17751956,0.19464739,0.3872358,0.2222493,0.44198686,0.20390722,0.2847532,0.21464771,0.5789755,0.33582124,0.21302474,0.2809431,0.27018824,0.2731441,0.27355206,0.31223306,0.17710793,0.1890574,0.41044527,0.1617387,0.25463545,0.2465908,0.55916315,0.4285396,0.20077263,0.34816608,0.58353597,0.36765838,0.26533192,0.17566378,0.21338183,0.33738887,0.3428041,0.23853347,0.2861285,0.2649255,0.23348343,0.15452625,0.23165572,0.2686735,0.15508512,0.14779498,0.18011695,0.22065516,0.43871832,0.23155357,0.5541543,0.27598333,0.18315895
0.5559713,0.3675798,0.44694725,0.67977405,0.30986553,0.33195665,0.42789328,0.30819902,0.2741728,0.2489023,0.67912,0.32018393,0.40966564,0.4773973,0.33093837,0.40895206,0.28299153,0.67841035,0.36273372,0.2903917,0.34479898,0.30274248,0.30375773,0.4022526,0.24521187,0.4007011,0.3168749,0.2626749,0.31597438,0.7695844,0.47622693,0.37763727,0.6893963,0.24117725,0.75643396,0.4728687,0.54157835,0.29161265,0.2602799,0.2879422,0.32071722,0.3010947,0.29080102,0.24991968,0.29053774,0.325662,0.25060862,0.6694671,0.29497206,0.3245635,0.23522481,0.25683007,0.2938021,0.32578787,0.4033284,0.32519457,0.28323308,0.67175454,0.3089982,0.3771478,0.26112732,0.39069402,0.37385827,0.2963006,0.29298145,0.36311126,0.29442793,0.24624394,0.38512728,0.30089316,0.6695284,0.2659665,0.2336954,0.2936556,0.25811985,0.40019843,0.6495083,0.2633184,0.3687282,0.28678766,0.2651401,0.39703652,0.29866886,0.32404932,0.29257002,0.37054104,0.41269732,0.4348208,0.25199205,0.35933807,0.31090587,0.29432568,0.35791343,0.29799324,0.30387208,0.60498786,0.21536374,0.66702306,0.29123065,0.26668888,0.24550794,0.36005694,0.24916247,0.30724385,0.29512802,0.6685362,0.2911366,0.2946522,0.327024,0.6665824,0.28117612,0.67613095,0.44319162,0.35887086,0.22417484,0.40396318,0.3792868,0.34565622,0.25492504,0.6632528,0.2527237,0.2975052,0.30019215,0.33841288,0.2606576,0.34070224,0.25672287,0.4456195,0.20857847,0.33528006,0.45625085,0.5613116,0.22120114,0.66230446,0.40381384,0.3766725,0.23061733,0.66076785,0.35338715,0.3257212,0.26762044,0.19589023,0.28825244,0.30584058,0.28363088,0.27858707,0.3230503,0.2408614,0.35766116,0.2696409,0.26094103,0.3961833,0.39464653,0.2001879,0.25056696,0.3323369,0.2803442,0.6560169,0.24821188,0.29061326
0.060437214,0.3307192,0.11547762,0.56037754,0.29374203,0.3906144,0.11000277,0.25603157,0.3667122,0.12203331,0.5584347,0.47149718,0.31748712,0.2115715,0.37468278,0.097786814,0.15724535,0.5484103,0.40010643,0.334625,0.096959054,0.28329778,0.10599676,0.098873444,0.21516156,0.09975793,0.0946733,0.29150578,0.3801539,0.15897894,0.23006165,0.42076856,0.09332129,0.39618385,0.15527521,0.22625698,0.45330545,0.32925576,0.3174141,0.0838249,0.41928944,0.28212836,0.11486852,0.19203886,0.3730757,0.11452652,0.24693514,0.10550365,0.28748804,0.3697637,0.29372224,0.18382742,0.28591958,0.34856606,0.32983613,0.16295332,0.12310224,0.5558627,0.38810718,0.10077097,0.23809217,0.19065343,0.097911246,0.09356096,0.32795817,0.10629627,0.09990664,0.23681398,0.21697237,0.22239433,0.5501622,0.3068304,0.13326441,0.27226552,0.29791716,0.32306603,0.10192587,0.34866065,0.10198752,0.17938699,0.34520707,0.2520886,0.2272834,0.40452147,0.2761266,0.43068588,0.22875135,0.22956133,0.21805632,0.38882267,0.107816115,0.3155834,0.10350969,0.31518587,0.34717825,0.10741052,0.2401518,0.5532085,0.30579194,0.20050387,0.2134546,0.10999425,0.2748762,0.3555319,0.38360178,0.55854046,0.281978,0.235203,0.12460734,0.5570082,0.29838976,0.16915013,0.24020573,0.4026396,0.14666405,0.4963536,0.25277078,0.11538786,0.12171444,0.56216145,0.29052413,0.12249313,0.3571702,0.11331118,0.32367855,0.10608527,0.27350345,0.23751476,0.13462967,0.39502913,0.23183925,0.09960804,0.2418423,0.54471546,0.48712164,0.24143447,0.26735827,0.5479825,0.39032888,0.107301354,0.1803356,0.19734426,0.28053585,0.360605,0.23926388,0.3325791,0.10335676,0.24101377,0.18883978,0.09449258,0.2736119,0.20824943,0.2162768,0.13093196,0.18296863,0.43360186,0.22446218,0.54878986,0.2768294,0.11978095
0.12639703,0.31003675,0.18299861,0.58115035,0.20516129,0.31455776,0.17263038,0.26080263,0.35580987,0.12392651,0.58615494,0.389037,0.2648978,0.17875783,0.30950812,0.15548337,0.16368051,0.5886857,0.37442496,0.28432378,0.16429834,0.20972943,0.1822507,0.20150194,0.21985894,0.18033168,0.1622134,0.2729267,0.35889527,0.14921443,0.26814553,0.35660356,0.16154626,0.3966497,0.14134558,0.2613583,0.48674896,0.28237808,0.27666262,0.12665656,0.35903424,0.20529519,0.15284811,0.17641592,0.32144424,0.17841147,0.19865173,0.20350581,0.31232274,0.30340162,0.24855743,0.19488974,0.21102655,0.32268393,0.31574282,0.18883398,0.18277737,0.592444,0.33693752,0.18878758,0.2217393,0.19969425,0.16859403,0.13531409,0.26675275,0.15345998,0.15687941,0.21129343,0.24736804,0.2340257,0.58904994,0.28072336,0.14296547,0.21553576,0.28545347,0.32129383,0.19204314,0.3294104,0.20301811,0.17511545,0.28850695,0.2538765,0.23351859,0.37490246,0.21654549,0.36372268,0.22174464,0.26362336,0.24063358,0.33202893,0.1728207,0.24767786,0.17454614,0.31734395,0.33027807,0.14424188,0.23994552,0.59477293,0.29266676,0.1994333,0.2018287,0.19654846,0.28485513,0.3427492,0.34264216,0.5981029,0.22012834,0.2095427,0.1937814,0.59432054,0.24809578,0.16352706,0.28286183,0.34271303,0.14663309,0.420434,0.2308739,0.18433107,0.17932686,0.59616613,0.23968998,0.19106294,0.28748205,0.1979482,0.26763135,0.2201553,0.26776809,0.24280871,0.16327016,0.3536505,0.22778024,0.15833354,0.2881203,0.5954226,0.42876786,0.23153527,0.27889502,0.5940966,0.34843573,0.16550994,0.18203618,0.1985704,0.29076567,0.33024055,0.24827258,0.27653372,0.19937012,0.23155765,0.20088834,0.16783829,0.2687637,0.22321603,0.20713113,0.16264987,0.1832502,0.4041089,0.23173681,0.5904968,0.2594311,0.16377799
0.9867338,0.13310261,0.9305725,0.5802505,0.1703928,0.17308636,0.9276138,0.39642328,0.13900504,0.16319135,0.57611084,0.15563215,0.16277656,0.2111784,0.16392599,0.9193894,0.2129054,0.55827034,0.18410072,0.13903935,0.33874196,0.16320542,0.32386127,0.91898876,0.15671532,0.91817003,0.5392327,0.15870912,0.12574588,0.98160213,0.2551421,0.174299,0.97346216,0.078939594,0.9808669,0.24830523,0.37961474,0.23079263,0.14568602,0.4220702,0.14764777,0.15672866,0.33688703,0.13408376,0.14024995,0.3304573,0.14211632,0.96979,0.34805322,0.16607383,0.1252013,0.19256479,0.15931153,0.17458689,0.13463588,0.12828483,0.35597992,0.5501863,0.13917938,0.90013784,0.19432072,0.14113961,0.8970167,0.4988319,0.11922999,0.89091337,0.4888048,0.16584143,0.18237342,0.1688259,0.5408647,0.15557604,0.14603499,0.15334283,0.14144865,0.13967504,0.96292514,0.18139856,0.89610773,0.18882659,0.10791201,0.17395361,0.16906212,0.20313372,0.15465176,0.11534322,0.16982657,0.2610884,0.12144739,0.18595046,0.32888573,0.1616078,0.8907066,0.19554827,0.17785731,0.95964056,0.18827826,0.53716385,0.15862182,0.16701162,0.111006275,0.8878591,0.15383317,0.18277471,0.18092895,0.54811096,0.15773812,0.152309,0.3499514,0.5478211,0.113258466,0.969118,0.24512218,0.16728325,0.14581491,0.18503249,0.16506897,0.8801166,0.3032464,0.5424833,0.1269688,0.3126911,0.12037528,0.88233966,0.1436263,0.8832484,0.18911491,0.18169248,0.22341877,0.17274752,0.2071619,0.9540989,0.18781097,0.5356777,0.18353684,0.1644648,0.11084524,0.53958297,0.16335583,0.87361383,0.17505157,0.16397946,0.29934505,0.15734649,0.17254387,0.123494156,0.8747793,0.18752962,0.14009295,0.47017336,0.16935715,0.23305711,0.1543729,0.21250154,0.16698404,0.1441365,0.16463104,0.53700286,0.11237735,0.30963892
0.17895348,0.23209393,0.14824785,0.55877995,0.19870594,0.2948935,0.15071304,0.14662546,0.19884449,0.07584274,0.5590164,0.3390808,0.47569144,0.39094102,0.29549748,0.14878787,0.13325235,0.5579931,0.3231951,0.23696005,0.21004103,0.1980625,0.17811424,0.14651018,0.12254261,0.14570266,0.15676373,0.15376951,0.23807819,0.98133177,0.29685378,0.29235405,0.25087154,0.16381072,0.9792992,0.29756793,0.34503186,0.26541984,0.18179372,0.1263157,0.23012735,0.19302502,0.16968277,0.13922724,0.2113232,0.2081904,0.15757395,0.24020468,0.16785745,0.28342265,0.14059566,0.093975365,0.19188067,0.36283028,0.42482686,0.21936095,0.15239236,0.54751,0.27004427,0.14330858,0.23963967,0.28958106,0.1428208,0.15557587,0.23936754,0.14319481,0.15501639,0.20919627,0.26782298,0.17376015,0.54505587,0.20766896,0.07789134,0.19421525,0.24788533,0.42043236,0.23636954,0.16595352,0.1424881,0.17231266,0.3046874,0.31408557,0.17296225,0.29369807,0.19190834,0.37744272,0.34733278,0.3697869,0.12444379,0.30448246,0.21368879,0.24640016,0.14015734,0.2131612,0.23007913,0.23608471,0.096846394,0.5422799,0.19731915,0.12765777,0.16679132,0.1466145,0.15945973,0.23431766,0.25841546,0.54261905,0.1953456,0.1994731,0.20919561,0.54365677,0.22328016,0.97138673,0.29862753,0.2908618,0.08009352,0.42703053,0.3695766,0.15022893,0.16692117,0.5420661,0.17806853,0.22558652,0.24523799,0.15490966,0.22180423,0.15431532,0.25153306,0.38149366,0.1138721,0.37027085,0.35973918,0.25306717,0.13016279,0.54155177,0.42059907,0.36422855,0.15576012,0.5391396,0.2846608,0.14893894,0.17293847,0.12796694,0.17804322,0.26394755,0.17141914,0.2336479,0.1534748,0.23962492,0.28035095,0.16879883,0.2525703,0.33750513,0.3300103,0.1132524,0.13032086,0.3387449,0.17228663,0.5376499,0.19434045,0.20468254
0.9994396,0.99502194,0.98976696,0.99470305,0.9959628,0.9984816,0.9937339,0.99470866,0.9961851,0.99499375,0.9953932,0.9978133,0.9952438,0.99608576,0.9973946,0.98834753,0.99337494,0.99302745,0.99488014,0.9954193,0.9893964,0.99027383,0.99190205,0.99069273,0.9964999,0.9933277,0.99453366,0.9969469,0.99651366,0.9966537,0.9950388,0.9957894,0.9881821,0.99719924,0.99647754,0.99523133,0.99621254,0.9966857,0.9965328,0.98909646,0.9915144,0.9918593,0.9927877,0.9963017,0.99714696,0.9884555,0.98812443,0.9859361,0.99447745,0.9978041,0.99736524,0.99486846,0.9916839,0.9962015,0.9940976,0.9933167,0.9933187,0.99446625,0.99456173,0.9896149,0.9975185,0.99557227,0.99367034,0.9936667,0.99435234,0.98556995,0.98662937,0.99534047,0.9903547,0.9937088,0.99354005,0.9944023,0.9930045,0.99157685,0.9975501,0.9947648,0.9888332,0.99708027,0.991633,0.996468,0.9983998,0.99476177,0.99401635,0.99510425,0.9910384,0.99631655,0.99321204,0.99168164,0.99286574,0.99187326,0.98680365,0.9948864,0.9919296,0.9972677,0.9972947,0.9851466,0.9908655,0.99139214,0.9942206,0.99521023,0.996892,0.99045086,0.99521524,0.9944498,0.9942885,0.9933486,0.99252653,0.99501437,0.9895386,0.99243116,0.99059093,0.99605083,0.99422985,0.99699706,0.9945917,0.9948038,0.991351,0.9888747,0.99204266,0.99346775,0.99666977,0.9867731,0.9927591,0.9863386,0.99337393,0.98839533,0.99614906,0.9918753,0.99406064,0.996677,0.9918064,0.9843069,0.98890215,0.98842514,0.98588914,0.98144776,0.9950692,0.992865,0.99340034,0.9830452,0.9894938,0.99198836,0.992717,0.99652827,0.9947803,0.9932511,0.9868809,0.9952687,0.992762,0.99369466,0.9980174,0.9935961,0.99339443,0.9914617,0.99140173,0.9940537,0.9932738,0.9936867,0.99606,0.9898772
0.60203016,0.9450567,0.92923576,0.9516679,0.9513585,0.94752175,0.93099844,0.90977305,0.94183356,0.9481977,0.9533777,0.9465788,0.96396977,0.9656905,0.9503151,0.93191767,0.9372145,0.956833,0.9487756,0.94966084,0.953883,0.9556288,0.94871145,0.938001,0.92968756,0.9343733,0.9332677,0.93671083,0.95783395,0.86467695,0.9624018,0.95346284,0.89971566,0.93870574,0.8656634,0.96447605,0.9547332,0.9331742,0.9454082,0.9366154,0.95201856,0.9589321,0.95189446,0.9494935,0.95420814,0.9574666,0.9570624,0.9111336,0.9407699,0.95435154,0.94250566,0.9504571,0.95853704,0.9450094,0.9670683,0.9721746,0.95471615,0.957864,0.9597166,0.9404091,0.9455798,0.9721142,0.94042844,0.9419957,0.9565128,0.9382258,0.9397209,0.9458467,0.9697135,0.9648943,0.9593974,0.94829303,0.9580896,0.96149486,0.94738936,0.96831924,0.92117023,0.94283605,0.9449963,0.9510022,0.952232,0.96514124,0.96471715,0.9533035,0.9630374,0.9606229,0.97112966,0.9706256,0.9601757,0.95755917,0.95849925,0.9579149,0.942101,0.95951915,0.9606153,0.9118555,0.9418464,0.9616131,0.95437014,0.95479614,0.96021473,0.9443506,0.9385355,0.9612624,0.949808,0.9615842,0.963955,0.9634156,0.95898795,0.9623044,0.96112186,0.8965151,0.9701186,0.9629782,0.96049625,0.95874333,0.9676405,0.9500184,0.9568327,0.9637197,0.9611159,0.9655653,0.9629257,0.9538422,0.9619335,0.9529117,0.9596347,0.9764267,0.954914,0.9678937,0.974261,0.9385356,0.95477915,0.96755683,0.9645324,0.9719507,0.95903724,0.9669829,0.96797377,0.955927,0.9600689,0.9520431,0.95841396,0.970115,0.9720873,0.9653853,0.95181924,0.9567332,0.9760331,0.95437765,0.9612685,0.9761492,0.9763865,0.9520499,0.96112967,0.96723753,0.9705739,0.9655613,0.9666763,0.9659653
0.34497353,0.97908944,0.755563,0.9234653,0.95923465,0.9777789,0.74125946,0.9173663,0.9760618,0.85855937,0.9210284,0.98399234,0.981868,0.9220839,0.9725589,0.7101937,0.80948246,0.91585004,0.97822237,0.9781585,0.8948825,0.9541274,0.8670864,0.75066155,0.96259725,0.75586426,0.7844082,0.962352,0.97240674,0.44650328,0.94563204,0.9769976,0.6512782,0.91051596,0.45735708,0.94425976,0.8909977,0.97050273,0.9567621,0.8053213,0.9837769,0.95055145,0.8497301,0.893898,0.97347456,0.8862683,0.95826614,0.6573395,0.8648656,0.9759519,0.97398955,0.90045476,0.95296097,0.963966,0.99004334,0.9772409,0.86424935,0.91490257,0.97986,0.72623694,0.8932015,0.97329736,0.725282,0.74383175,0.9790204,0.7042267,0.73725563,0.90690404,0.9792619,0.92074406,0.9110832,0.97782195,0.8311811,0.9485249,0.93312854,0.98918873,0.63329536,0.95786864,0.7205601,0.8402544,0.969587,0.98353565,0.9135686,0.9802497,0.9477238,0.9793043,0.96934634,0.961651,0.9454307,0.979076,0.8809207,0.96836907,0.72028553,0.9745797,0.97289497,0.60038185,0.8818541,0.9087641,0.9728277,0.83746684,0.9395026,0.70959824,0.90649974,0.9758331,0.9732961,0.91166335,0.9484588,0.9414941,0.8480348,0.9136808,0.9762491,0.4549663,0.9445081,0.97678876,0.8316821,0.98789793,0.97453296,0.7198366,0.8088521,0.9105428,0.94994295,0.8801252,0.9667537,0.7219458,0.9639318,0.71996194,0.9238727,0.9568226,0.82908124,0.97629696,0.9325415,0.6067223,0.9327572,0.9073406,0.9873702,0.9752182,0.9691945,0.9120045,0.9753487,0.70954555,0.8547049,0.9246024,0.95906436,0.9724076,0.9306311,0.9820251,0.73013616,0.8946403,0.97326237,0.7681631,0.9240704,0.9477024,0.9564721,0.82656217,0.85118294,0.9877004,0.9173313,0.90996003,0.9532,0.8327058
0.997998,0.9774066,0.985815,0.9930903,0.986265,0.98045504,0.9861239,0.9757962,0.9775113,0.985349,0.9932912,0.98080796,0.97630566,0.9876729,0.9790299,0.9860345,0.9844411,0.9927379,0.97482723,0.9732605,0.97861767,0.9844068,0.98316157,0.98441833,0.97229034,0.9839616,0.9832433,0.9772026,0.9856977,0.99101,0.9825763,0.9786874,0.98118556,0.98850775,0.9913497,0.9828046,0.9930358,0.9741852,0.9806751,0.97903585,0.9693806,0.9835906,0.9795299,0.9841384,0.97350806,0.97783005,0.9766175,0.978849,0.9891948,0.97765166,0.96971476,0.9814413,0.98507416,0.9824466,0.97193885,0.97635454,0.9842983,0.9932086,0.978837,0.98663855,0.98860854,0.981536,0.9868966,0.98700553,0.9783709,0.98814714,0.98706007,0.9883774,0.9696722,0.98197615,0.9928543,0.9737969,0.98430675,0.9851477,0.9872581,0.96957767,0.98191,0.9793932,0.98562765,0.9848091,0.9831559,0.96122503,0.9803268,0.9692767,0.9831051,0.977935,0.9788219,0.97840315,0.9716077,0.9705345,0.9786291,0.9765293,0.98530793,0.97323203,0.97454953,0.9836238,0.98241585,0.9923856,0.9749528,0.9825228,0.9800259,0.98446465,0.97938234,0.97273374,0.9774522,0.9925826,0.984027,0.9789458,0.9805158,0.9924228,0.9743693,0.99118596,0.9817499,0.97995883,0.98390454,0.97126275,0.9728465,0.98500973,0.9830323,0.9925513,0.98087025,0.97832805,0.9816984,0.98606116,0.9815141,0.9855971,0.98538387,0.98204553,0.98142725,0.9774486,0.98411834,0.98323137,0.9751049,0.99172723,0.96504766,0.96706945,0.96590596,0.99187,0.9753913,0.9829898,0.98069066,0.97167015,0.9694945,0.9816775,0.980603,0.9753819,0.98570114,0.98666626,0.9778881,0.9834398,0.98411274,0.9844481,0.98197955,0.98340875,0.9860893,0.96911925,0.9823006,0.9928792,0.98288035,0.982159
0.36391312,0.2042857,0.15277295,0.32019508,0.138314,0.1736187,0.14149877,0.19805111,0.18595903,0.09311379,0.32060853,0.23161249,0.23424354,0.09963628,0.15626137,0.13017437,0.07432889,0.277177,0.20441319,0.13681698,0.0981511,0.1120148,0.09363837,0.120206445,0.13205409,0.10734049,0.097942874,0.1264864,0.1369064,0.18443225,0.08548848,0.21221243,0.121481,0.046869714,0.14968589,0.07266773,0.15518095,0.20429428,0.10778843,0.09084134,0.20630574,0.10552328,0.09885789,0.08642363,0.16131578,0.09736605,0.11742913,0.12590176,0.119388476,0.14600961,0.15656666,0.110303044,0.11338839,0.18740356,0.190525,0.08536318,0.06817073,0.1993811,0.13721153,0.10164999,0.091292284,0.120091505,0.10509486,0.09962748,0.13822372,0.10030611,0.09518682,0.09197463,0.17641594,0.089281745,0.19342193,0.1374944,0.054911617,0.08089102,0.087489694,0.15304267,0.08754283,0.113815494,0.080106184,0.050678167,0.09028026,0.13839634,0.070181504,0.15777206,0.06969825,0.16265291,0.14209265,0.09763237,0.075553015,0.13242054,0.056567933,0.09009137,0.05870748,0.14263736,0.10696207,0.07432561,0.08999024,0.16908987,0.11426816,0.051578984,0.07071189,0.073792234,0.06989326,0.11779404,0.11602686,0.16894588,0.07251744,0.07499895,0.055593383,0.1576796,0.10837633,0.065421514,0.051191583,0.12725917,0.036533494,0.16812558,0.09302725,0.059893407,0.044514615,0.1352783,0.065675214,0.05048779,0.069275774,0.048204705,0.053739827,0.0476222,0.060379654,0.071319155,0.03991087,0.13113098,0.063720934,0.05478195,0.07445927,0.11363538,0.1456579,0.079002455,0.0717802,0.11856107,0.11333815,0.046422333,0.03088163,0.047007598,0.09223514,0.06452544,0.050259594,0.07537665,0.047496293,0.03938813,0.06970316,0.042051803,0.048717845,0.07155367,0.07074709,0.043063454,0.044335388,0.1803894,0.05965097,0.1258286,0.065533124,0.045084257
0.13610072,0.21865688,0.22859202,0.29593578,0.21060458,0.21093857,0.22645691,0.21549563,0.23905355,0.2767235,0.27297765,0.14092743,0.14128125,0.15328372,0.2055433,0.22696811,0.17283928,0.26750904,0.2318146,0.22030938,0.38837993,0.20643127,0.32091027,0.22747175,0.2331514,0.22185087,0.21540147,0.20252515,0.18371698,0.018659411,0.22379585,0.25159895,0.1279202,0.06606057,0.018886818,0.22015692,0.21151789,0.18282276,0.15688223,0.2610982,0.26087174,0.18503235,0.28668272,0.1711202,0.19045144,0.35059294,0.18468837,0.11799699,0.111286625,0.17662641,0.19984315,0.19387406,0.15929566,0.1423658,0.1439365,0.21259922,0.27775925,0.20755988,0.14696571,0.17203563,0.055106763,0.15594278,0.15859693,0.150604,0.12945206,0.15433446,0.1480992,0.057606313,0.17013422,0.19049789,0.16366084,0.13708998,0.17399876,0.120714076,0.06696479,0.113379754,0.086638235,0.08108092,0.14932807,0.0885244,0.062334504,0.11517611,0.18643044,0.10704146,0.10972237,0.09650914,0.11515491,0.12784797,0.14052428,0.12363172,0.25792453,0.09771673,0.12804149,0.15801293,0.10160612,0.071938075,0.06752402,0.1447369,0.110083,0.096362226,0.118642196,0.122374095,0.060727928,0.09888167,0.097404815,0.14025278,0.09708298,0.12375468,0.18302433,0.134136,0.11032058,0.008391269,0.11676292,0.12669556,0.13008454,0.0751403,0.08310807,0.109855846,0.14355199,0.12065376,0.081932075,0.22239834,0.06463773,0.10750625,0.062065803,0.1078238,0.05203885,0.1016033,0.06027006,0.11470444,0.09016807,0.061580334,0.068353504,0.13226569,0.079627894,0.09098259,0.10403737,0.13831219,0.13832185,0.12601215,0.076120496,0.0909895,0.15012257,0.12404477,0.17731158,0.10686362,0.13373432,0.03967356,0.13635129,0.13356556,0.062215727,0.105718456,0.12066781,0.08322534,0.11095099,0.17341267,0.19009691,0.16274631,0.11601464,0.2059568
0.7617524,0.39946523,0.7596301,0.87740564,0.55095416,0.42072332,0.74690974,0.59065086,0.40570128,0.50942254,0.8690076,0.4274122,0.314569,0.45470828,0.3864251,0.7256017,0.6277607,0.8638125,0.4447396,0.36646652,0.42811966,0.49900588,0.56603426,0.71213007,0.34377193,0.7076735,0.67459893,0.34592763,0.38987035,0.91496134,0.3395165,0.41089344,0.73857117,0.5403538,0.91594696,0.3325658,0.8000938,0.35085863,0.38812852,0.549754,0.34443477,0.45890936,0.53245974,0.5225989,0.34060165,0.36340633,0.3357236,0.706736,0.70890933,0.32172748,0.30033416,0.47883058,0.42373782,0.41342902,0.21105425,0.13656081,0.41384068,0.84129,0.28702798,0.63739115,0.49397543,0.2336448,0.629079,0.5928642,0.24055293,0.6212367,0.5892794,0.5325786,0.20406029,0.37593004,0.83346546,0.23951292,0.3664469,0.38390395,0.47119978,0.18224405,0.6493297,0.40204802,0.600706,0.44213822,0.3071626,0.16270219,0.34961098,0.24235927,0.36813247,0.33479086,0.24101323,0.19771826,0.2305736,0.23889573,0.28274855,0.23602146,0.5850375,0.25509942,0.2126676,0.61638796,0.45646858,0.8192363,0.2973296,0.45209935,0.29604787,0.5804159,0.3924159,0.21321087,0.2878152,0.8210521,0.3528874,0.3061029,0.36606517,0.81489617,0.18973722,0.85529184,0.23337096,0.28333008,0.30895025,0.27783638,0.18823114,0.54789925,0.3980242,0.80953676,0.29147437,0.25314403,0.26768085,0.55226916,0.2543612,0.556524,0.41148922,0.23480222,0.36861432,0.3008205,0.28044242,0.57413864,0.31325,0.8128426,0.28557765,0.19716805,0.21942092,0.8150923,0.28897628,0.5600198,0.41214964,0.291701,0.31576997,0.2753979,0.3264236,0.20283201,0.55940896,0.4254613,0.19658154,0.5226462,0.39143726,0.25230524,0.23023506,0.3729309,0.4127363,0.22204015,0.32447,0.8153716,0.28427675,0.3499073
0.06614606,0.28207147,0.21899812,0.4290535,0.27502555,0.26136,0.22433883,0.28771627,0.2803265,0.22526436,0.44526094,0.32099846,0.28827098,0.30867127,0.29198933,0.24459927,0.22644293,0.42970452,0.33471867,0.2816977,0.26677555,0.28282726,0.25860715,0.22802286,0.2510172,0.23424292,0.25248823,0.27581176,0.31288096,0.17970626,0.3030055,0.34169176,0.22918265,0.21930014,0.15436961,0.28677338,0.3623913,0.28792536,0.26129544,0.2569385,0.33430022,0.29202595,0.28261438,0.26955292,0.32820624,0.28522998,0.28428626,0.2446952,0.29266423,0.284748,0.29941106,0.29469508,0.32554498,0.2958753,0.30674216,0.22959581,0.26550427,0.41440448,0.2952395,0.2629379,0.23970203,0.28641573,0.2748672,0.2759533,0.29220596,0.25899088,0.25418139,0.24793608,0.29710212,0.26947087,0.40659955,0.24142182,0.22912358,0.2826973,0.21977708,0.27694014,0.221634,0.2680032,0.24381264,0.23765892,0.2555378,0.28428024,0.27331784,0.27528504,0.27861804,0.31151834,0.28361654,0.2711198,0.26295567,0.3209356,0.2481778,0.23905559,0.23291008,0.3464236,0.2735263,0.24902375,0.28413355,0.4192324,0.30767715,0.24783127,0.2534595,0.25068542,0.23843506,0.26871702,0.28188998,0.41269386,0.2901531,0.2822459,0.29612494,0.42572686,0.29544893,0.15794612,0.29884654,0.3414462,0.26221198,0.38981405,0.3190663,0.27791768,0.27592927,0.4238612,0.30056638,0.28102988,0.23676504,0.23354824,0.24249546,0.23785545,0.25669166,0.2984305,0.22541131,0.37859458,0.32898152,0.25082174,0.28914565,0.40808085,0.35481828,0.2802305,0.23440069,0.41014326,0.3197529,0.2402422,0.22674651,0.2209648,0.3232347,0.29862443,0.28669554,0.27466345,0.26084137,0.22702222,0.27596036,0.26292655,0.28480873,0.3145996,0.3199392,0.24446085,0.2877659,0.37640578,0.30399358,0.43912464,0.28000212,0.3172955
0.89204687,0.8020968,0.8256136,0.8863429,0.93550813,0.9208776,0.8199586,0.86110675,0.8591034,0.69296634,0.88657016,0.94701034,0.73542434,0.5860158,0.9218771,0.82438296,0.7381414,0.88894063,0.936351,0.95327395,0.62061584,0.9382349,0.735323,0.8375854,0.8492889,0.83763134,0.76962036,0.8642218,0.90271497,0.86207324,0.583297,0.9465633,0.9176387,0.828827,0.8597805,0.58659005,0.8530672,0.9583236,0.9513633,0.7213927,0.97275245,0.9430467,0.727721,0.7995317,0.9578415,0.6310392,0.92145073,0.92059016,0.8848322,0.9387361,0.94072056,0.812503,0.9429033,0.9150009,0.7735808,0.4591234,0.6954528,0.8890556,0.9306252,0.8223694,0.8558828,0.5889393,0.8090001,0.72502244,0.9100719,0.79833794,0.71741045,0.8521586,0.5558143,0.68640524,0.87135965,0.94906116,0.6393355,0.91398275,0.89726156,0.68933964,0.89048433,0.89136755,0.79107165,0.66661143,0.93360716,0.68382895,0.6923384,0.94969434,0.9238445,0.89565957,0.57345116,0.48911914,0.79837036,0.9532734,0.58233774,0.9086621,0.81712794,0.94038326,0.94615644,0.9050866,0.9074998,0.88553566,0.95483804,0.748755,0.8638841,0.8122277,0.84040004,0.94381917,0.96161574,0.8810444,0.92038935,0.79804385,0.57486504,0.8778305,0.8826658,0.7967584,0.47863585,0.9313745,0.6352571,0.95432925,0.61937,0.7829621,0.6169226,0.8700786,0.9020769,0.5149264,0.90901536,0.7760653,0.89862746,0.77446073,0.8210215,0.50584126,0.68467474,0.9241797,0.40110317,0.8790263,0.8916758,0.86017376,0.94914836,0.58093506,0.9189842,0.8593991,0.9169568,0.76223636,0.59131163,0.81654876,0.821213,0.8897054,0.6302058,0.8755502,0.77271855,0.786168,0.4758436,0.6958896,0.74196583,0.42171788,0.38967443,0.7023531,0.68268347,0.95673,0.6636837,0.8741101,0.9008864,0.5591459
0.76894784,0.83134353,0.80294347,0.94120365,0.86736506,0.86216867,0.80815256,0.89319927,0.87403566,0.8283265,0.93979317,0.8869753,0.7928308,0.7670523,0.8437082,0.79372716,0.88235795,0.9360188,0.8751217,0.8235592,0.75351834,0.8500143,0.7574394,0.80432314,0.82055616,0.80549425,0.83241916,0.8587336,0.8141283,0.9510668,0.76550025,0.8675058,0.844648,0.90551275,0.9523835,0.75402653,0.91443187,0.84277856,0.8269117,0.7827789,0.85290915,0.8503126,0.7640439,0.8439801,0.8651074,0.743209,0.84811556,0.85133284,0.90182424,0.84378153,0.83871955,0.8333991,0.8412369,0.8622563,0.7288495,0.6412936,0.7806213,0.93395853,0.8295644,0.80940306,0.8950561,0.70707095,0.8191635,0.8454688,0.8491493,0.82847905,0.8568708,0.90722567,0.74916166,0.8694659,0.94746166,0.8837461,0.8578839,0.90122736,0.92756426,0.79588956,0.87782735,0.92300063,0.8284532,0.8789125,0.8804401,0.7617058,0.82913786,0.8638601,0.85304254,0.8793976,0.7020617,0.6645202,0.8005125,0.8328477,0.71803635,0.8089895,0.79137886,0.843439,0.8254426,0.84284735,0.84364253,0.9273809,0.8106306,0.87285346,0.8037824,0.7846527,0.87680817,0.8303524,0.8527366,0.9309546,0.8435841,0.8061563,0.75148267,0.93373513,0.83311987,0.9538923,0.73227566,0.87425756,0.8050148,0.89597726,0.7497626,0.8050335,0.7687421,0.9346898,0.8665882,0.72073746,0.86128664,0.7879238,0.84827435,0.7804151,0.8530567,0.65342104,0.8317061,0.85127664,0.6636517,0.83303666,0.81360793,0.9273407,0.8862474,0.73127615,0.8443451,0.9313723,0.87061745,0.7798403,0.84851193,0.8730059,0.86780506,0.88246924,0.8107755,0.8341292,0.7685734,0.88253766,0.6518829,0.7822363,0.85883427,0.6078791,0.6306221,0.7945041,0.7942675,0.8294875,0.75894487,0.9154992,0.7834178,0.67163295
0.91187596,0.9241535,0.909019,0.96368253,0.93428165,0.95588213,0.8904039,0.9566214,0.95670253,0.9001753,0.9528181,0.9600278,0.7837168,0.62734616,0.9454185,0.8346964,0.8949426,0.9388698,0.9486279,0.9326444,0.66715634,0.8674179,0.728184,0.73925614,0.896544,0.7232478,0.7433657,0.9178718,0.76201975,0.8548873,0.56227314,0.9097011,0.72070426,0.8498407,0.8187644,0.5378172,0.88551486,0.9156255,0.9093179,0.640973,0.9268293,0.78012836,0.6417759,0.7901848,0.9193898,0.5478392,0.7892505,0.61290616,0.83022004,0.8724786,0.920274,0.8520859,0.79369473,0.8789231,0.7198169,0.45695153,0.6063351,0.87728953,0.78069174,0.52864593,0.7614274,0.49014616,0.5383112,0.6025612,0.80566674,0.5134505,0.57220405,0.76722157,0.52533585,0.7127811,0.85802907,0.8550687,0.68458235,0.6691721,0.805155,0.6315031,0.47112003,0.8289762,0.48175722,0.63427377,0.8521315,0.6531656,0.7097602,0.8733675,0.65807694,0.79046315,0.45231655,0.3553285,0.69735664,0.8122481,0.4306883,0.7260292,0.41465104,0.8577216,0.7978943,0.37814707,0.7893992,0.81188434,0.80953455,0.5965596,0.7203944,0.33783618,0.691679,0.6720587,0.7444866,0.7794073,0.54394835,0.5717069,0.34728935,0.78150326,0.5809177,0.37852514,0.35658962,0.7859672,0.57765836,0.85582316,0.50897044,0.34006828,0.40579113,0.79533476,0.7718239,0.3734906,0.6684019,0.31893408,0.57786894,0.30981198,0.6343187,0.30298403,0.5176281,0.7590516,0.28476313,0.27949312,0.6824353,0.7544838,0.80315447,0.4165826,0.7229241,0.75466436,0.7167218,0.2576772,0.3930231,0.5993401,0.62441266,0.6364738,0.49660942,0.57376575,0.23091963,0.49710092,0.28141278,0.3053711,0.49763608,0.23171176,0.26317847,0.40402582,0.40423197,0.8054632,0.47807974,0.7180724,0.61386347,0.26468042
0.9874861,0.9122059,0.8171832,0.9466731,0.9282397,0.9536643,0.81385857,0.96323293,0.95397556,0.9188081,0.9469124,0.9606004,0.9090675,0.8759526,0.9534605,0.81557155,0.93745434,0.9483049,0.9611581,0.9579969,0.8796033,0.9291267,0.8703362,0.8238092,0.94293135,0.8237514,0.8493022,0.94865894,0.89939743,0.97236687,0.88467664,0.959182,0.86775273,0.9404602,0.97241855,0.8835222,0.94925064,0.9650225,0.95816684,0.8438726,0.9652149,0.9318605,0.8608453,0.92827356,0.9662307,0.88278705,0.92649645,0.8764281,0.93946195,0.95922995,0.9635113,0.9285829,0.93372405,0.95924926,0.9248759,0.85562736,0.87333304,0.95050085,0.9457202,0.8201865,0.94610655,0.850689,0.8099649,0.83150667,0.94093794,0.7990861,0.8224278,0.93979883,0.87282383,0.89283323,0.9422982,0.9454835,0.8981856,0.913407,0.953078,0.90152913,0.854654,0.9462382,0.7841671,0.88673574,0.9489517,0.8928448,0.89190835,0.9532702,0.91748875,0.95062065,0.8416986,0.81261265,0.91917104,0.95637214,0.8552768,0.93781424,0.80001116,0.9582512,0.93717647,0.8634443,0.94389474,0.9462035,0.95820045,0.92868406,0.92753756,0.79992825,0.94251025,0.9353219,0.9565772,0.9443693,0.91828096,0.9004891,0.8295686,0.9430697,0.9288243,0.96907383,0.848099,0.95017284,0.89579844,0.9635205,0.8948331,0.7803473,0.83410984,0.9419475,0.9539032,0.84133524,0.9346503,0.7840602,0.92819655,0.78605384,0.9378886,0.7767448,0.8976411,0.9551754,0.78189665,0.8555125,0.93759006,0.9412588,0.96261674,0.88883793,0.9481762,0.9403636,0.94518685,0.77447826,0.8735024,0.9448725,0.9346393,0.9296655,0.8759164,0.92592776,0.779789,0.93014705,0.80099106,0.8106255,0.93680155,0.75577104,0.8025978,0.89430577,0.8981453,0.9670151,0.8840573,0.9433157,0.9258468,0.8224388
0.93488276,0.86905706,0.8818398,0.93945074,0.79514784,0.82771087,0.878415,0.9259528,0.8785537,0.8432957,0.93793684,0.8436709,0.80842936,0.77503353,0.81499714,0.8661316,0.8866633,0.9328517,0.860785,0.7982244,0.77290773,0.76296824,0.7593066,0.84312946,0.8180624,0.83658427,0.81133574,0.8267833,0.69455105,0.9034455,0.79220015,0.7800204,0.8565592,0.8589695,0.89087677,0.7678131,0.8666918,0.7680716,0.7036128,0.73106694,0.7432369,0.66107744,0.68776333,0.7531511,0.7444844,0.66202223,0.65482634,0.7854336,0.7895138,0.6927202,0.7041874,0.6895371,0.6071536,0.7410714,0.6517523,0.5813176,0.6335801,0.8773252,0.63042766,0.6715005,0.68952113,0.5506397,0.6519904,0.6166165,0.591283,0.64827085,0.6170622,0.6374499,0.61603945,0.65628344,0.8596474,0.60941386,0.6199629,0.5477068,0.66420466,0.6181527,0.630323,0.74433297,0.5986796,0.6653162,0.5919104,0.6068062,0.6192822,0.6510224,0.5025659,0.666905,0.5812966,0.57211405,0.556048,0.6022339,0.51432407,0.5082982,0.5312383,0.5996527,0.56008726,0.50533754,0.55096054,0.8193043,0.5275293,0.5920109,0.5393893,0.5256614,0.61539644,0.549035,0.55625385,0.81664795,0.45097852,0.5167431,0.5139498,0.8143778,0.476274,0.58240783,0.6072406,0.5647883,0.50049186,0.6521328,0.5606337,0.46748438,0.4261835,0.79842764,0.49584684,0.45553535,0.48535907,0.4519729,0.451333,0.44547442,0.5117248,0.47399706,0.44025952,0.5048136,0.4768963,0.3596679,0.46741658,0.7795803,0.6178655,0.5348558,0.44706202,0.7791094,0.5191565,0.42433187,0.51219314,0.48875588,0.57236654,0.48206592,0.5131169,0.43100053,0.41558242,0.4802338,0.42967418,0.38923645,0.50552756,0.44547352,0.45474172,0.4034492,0.4369032,0.5298089,0.48189366,0.76213205,0.41462338,0.41947109
0.27798402,0.99629104,0.58942676,0.7375783,0.47081837,0.4602245,0.4469899,0.674021,0.58609426,0.5167462,0.70660454,0.42534754,0.6937873,0.4729444,0.4096887,0.35095963,0.47528416,0.61972064,0.42014995,0.41492146,0.38964042,0.38056377,0.43035337,0.3524945,0.44723275,0.3546835,0.39792645,0.4212115,0.32487783,0.33826217,0.44920415,0.39593914,0.2815961,0.3649705,0.31651598,0.47203565,0.50524384,0.33994693,0.31212994,0.31942847,0.34678242,0.30137965,0.33244666,0.40598932,0.42120636,0.33043787,0.32078588,0.24469376,0.38064295,0.3004644,0.36313182,0.39699444,0.30489588,0.32794473,0.5124104,0.32754087,0.36716655,0.52839833,0.31746984,0.2929567,0.32828483,0.5285139,0.29094955,0.3287151,0.23619036,0.24539381,0.2768789,0.31670138,0.42595696,0.3960568,0.46907726,0.30356055,0.29016313,0.25517088,0.3019618,0.52353483,0.22560042,0.36341172,0.23764987,0.31396252,0.19499491,0.43522075,0.3275988,0.24095136,0.20980412,0.2647192,0.49502096,0.34464982,0.33711627,0.3092455,0.30655116,0.22752671,0.24006315,0.30742925,0.2916606,0.22376564,0.32464522,0.3935484,0.2946524,0.37539536,0.31929016,0.26953942,0.29734975,0.2943111,0.28132012,0.40935323,0.25912634,0.29565203,0.341425,0.43603843,0.23740473,0.20939732,0.40495947,0.31441507,0.31894416,0.31142607,0.41834638,0.23601548,0.30546057,0.4126667,0.26916274,0.27126828,0.21082634,0.2089344,0.18674968,0.25287578,0.2985837,0.46084276,0.2354286,0.24609368,0.19667989,0.18238972,0.27491692,0.35138646,0.26193044,0.3055818,0.20380907,0.37124246,0.26872805,0.20396328,0.2259923,0.25011116,0.24774069,0.23163007,0.33454958,0.18578629,0.20969397,0.2197507,0.40982914,0.24256407,0.2997294,0.45711842,0.412663,0.2299867,0.2923422,0.25201273,0.36566272,0.3998105,0.24977681,0.3160505
0.98511195,0.8870017,0.9731022,0.95078987,0.87444854,0.86959606,0.9576669,0.9517304,0.9051711,0.8828511,0.9009891,0.81367195,0.731559,0.698542,0.7603242,0.8292165,0.7695475,0.8436285,0.7922241,0.72272646,0.6461322,0.6398762,0.64306796,0.6316315,0.61542976,0.6093376,0.60720116,0.6168348,0.54345816,0.5424311,0.5816686,0.6646836,0.566181,0.5299489,0.52208245,0.56752175,0.6877749,0.6446712,0.5990918,0.55658686,0.6507132,0.52764297,0.54757625,0.5654909,0.6106258,0.5089549,0.49820483,0.48059535,0.5315738,0.5250621,0.57428694,0.5020662,0.48702285,0.6205525,0.5312462,0.37651768,0.51476526,0.6965627,0.5177875,0.45960182,0.5325366,0.40560478,0.46988636,0.49381146,0.48484698,0.46868595,0.47977796,0.4922334,0.45158085,0.49056175,0.66131204,0.48314676,0.42663306,0.41048333,0.50931907,0.4668404,0.39096272,0.4797046,0.37824175,0.38789922,0.48665473,0.40759063,0.4612435,0.5612389,0.40699512,0.59841925,0.42303586,0.3949075,0.43254197,0.50856584,0.43091595,0.45067555,0.40631717,0.542744,0.4499189,0.42176387,0.4533441,0.63609034,0.47574672,0.3879614,0.41008255,0.3848885,0.37726212,0.39981407,0.41971785,0.59072214,0.34591782,0.38229874,0.38481495,0.57950866,0.3412557,0.34289375,0.37190387,0.44504502,0.3551057,0.58359474,0.36384124,0.33059037,0.37519255,0.5776872,0.4207499,0.3640276,0.3502852,0.3130152,0.3565939,0.32021666,0.44438255,0.36086923,0.3391211,0.5282978,0.4047851,0.36136043,0.44742817,0.59877926,0.59077764,0.3709109,0.41249368,0.5833503,0.44067317,0.3476372,0.32458645,0.33275735,0.43061584,0.38050535,0.3702571,0.34510347,0.31154194,0.37768415,0.27989548,0.3249987,0.4358951,0.36441168,0.32866073,0.2930689,0.31235144,0.4848964,0.35767913,0.5455428,0.31880787,0.3523385
0.943193,0.9546664,0.9570646,0.9133334,0.7409129,0.68304247,0.6620955,0.567591,0.47156,0.40118942,0.69925165,0.5504029,0.43230936,0.42340943,0.4679965,0.4576777,0.31970018,0.6251348,0.49279305,0.38950318,0.31345922,0.33303043,0.32638332,0.36496893,0.3066929,0.3847949,0.33376807,0.2959178,0.3343364,0.30363414,0.3387746,0.48733574,0.47141832,0.22179143,0.32018894,0.36347708,0.5150546,0.46736643,0.4110012,0.35262346,0.41915715,0.33533788,0.32705593,0.27438512,0.3483233,0.28038394,0.23393536,0.36567575,0.28656402,0.3451485,0.37216955,0.2861049,0.32087278,0.39587477,0.3079554,0.19532657,0.34693155,0.56342924,0.3343686,0.35721317,0.2984396,0.23275349,0.40302655,0.34837508,0.32928348,0.36351642,0.29972047,0.28649515,0.24749668,0.2539646,0.47215185,0.28958726,0.21709786,0.22484767,0.24990971,0.24565376,0.33182886,0.26518336,0.29640353,0.20733042,0.3041727,0.25111905,0.29600736,0.38727763,0.26780587,0.35661757,0.22088578,0.24046941,0.26229322,0.3934951,0.35627297,0.35029608,0.42323524,0.4423074,0.36095357,0.43223205,0.2730214,0.48414323,0.30341414,0.21135204,0.24962182,0.28210077,0.16802989,0.20190157,0.23392113,0.41231075,0.20737167,0.19738437,0.23694661,0.4245954,0.2156569,0.19357182,0.2400884,0.33888468,0.23801202,0.38218066,0.16944958,0.26958334,0.21655273,0.425254,0.22073102,0.19096912,0.1791102,0.24647106,0.20251723,0.29397658,0.28398183,0.20558155,0.2153407,0.3907978,0.2499704,0.3838715,0.276364,0.45137292,0.36492014,0.15987287,0.23727125,0.41615525,0.27618703,0.2546204,0.12907775,0.15700652,0.22979333,0.21234855,0.19273846,0.19196145,0.2372706,0.15511258,0.12077302,0.21578066,0.21303715,0.1806451,0.16399616,0.15968098,0.17047915,0.32646978,0.22445121,0.4341817,0.22438851,0.23027553
