0.32523984,0.45481375,0.34004405,0.29176086,0.49012008,0.4518922,0.36777478,0.30106705,0.29580432,0.42188624,0.35179538,0.34256527,0.2548092,0.24178752,0.31922323,0.4071927,0.47966006,0.43355227,0.26143166,0.4323095,0.48672307,0.45879808,0.3688135,0.3804259,0.51788145,0.48261008,0.50398064,0.32486773,0.34991124,0.3973466,0.25781286,0.34948596,0.3765833,0.24977309,0.36166877,0.37787458,0.3572172,0.18967912,0.32165307,0.3866246,0.37336394,0.40360603,0.21347377,0.33717042,0.4306329,0.4512341,0.41736537,0.3522807,0.3451189,0.24068001,0.1540155,0.1830318,0.21018521,0.22440426,0.2032595,0.34438735,0.30323276,0.43401012,0.4698286,0.46051937,0.2834121,0.33611238,0.47474286,0.35493073,0.3788021,0.24821375,0.35407853,0.42812708,0.5310517,0.6089099,0.5338374,0.5905991,0.40650728,0.13009523
0.41750535,0.4275814,0.42400265,0.39631775,0.44950074,0.43156382,0.4734242,0.41989493,0.43383533,0.43063462,0.39782843,0.39507073,0.38734457,0.42303202,0.39643648,0.49050957,0.51005566,0.51946354,0.4225217,0.46521685,0.5070137,0.45459336,0.48261884,0.5035954,0.4855936,0.5135017,0.4379296,0.4283199,0.41289043,0.34829018,0.41296694,0.42735332,0.32139483,0.37818575,0.41213465,0.37063327,0.36910552,0.29584718,0.4097258,0.33017844,0.3883339,0.4318787,0.2650957,0.39832368,0.44029927,0.3763343,0.35912502,0.4205606,0.3315741,0.34053355,0.2993323,0.26452732,0.27211356,0.336811,0.36264515,0.47935718,0.42929935,0.49398136,0.48320764,0.50526094,0.42145148,0.40076768,0.44127852,0.44119498,0.4825943,0.46980262,0.44943613,0.42461386,0.41259092,0.45083842,0.4569633,0.4810446,0.4641624,0.3713605
0.69444525,0.50613296,0.35705042,0.4616615,0.4059709,0.48302406,0.426449,0.29116216,0.3362937,0.41076577,0.357151,0.42880312,0.40521267,0.4173461,0.39397898,0.42082953,0.43483683,0.44926393,0.38299567,0.5024426,0.4426534,0.4145324,0.45934963,0.5270516,0.48108205,0.4557684,0.41346905,0.5194316,0.39354265,0.36805698,0.37117612,0.41890267,0.32063788,0.3614741,0.36064065,0.30916038,0.30744207,0.2725783,0.33196187,0.3089758,0.417683,0.38088688,0.28752407,0.3574013,0.44114867,0.32597443,0.33254406,0.47254774,0.3887761,0.3585069,0.4062717,0.3923423,0.22809443,0.29389998,0.36662015,0.35894898,0.37481672,0.4521099,0.35596004,0.57408875,0.36957237,0.37541947,0.4488428,0.43457106,0.44770092,0.3590715,0.4310955,0.44772682,0.45435646,0.59494376,0.46047708,0.50139225,0.49826053,0.41177696
0.6749267,0.63743556,0.77347636,0.881448,0.60530895,0.69407386,0.6989818,0.49677187,0.6232038,0.5388149,0.5414816,0.55335075,0.57996863,0.56521577,0.49386597,0.6021857,0.5898755,0.52981806,0.4764977,0.43622428,0.63741034,0.587435,0.57472867,0.4346746,0.615742,0.6092301,0.5844904,0.5347177,0.47148296,0.5370659,0.45733696,0.38802,0.5093803,0.3760433,0.36203814,0.55681723,0.50031614,0.31144315,0.31244,0.49119163,0.5751841,0.5911635,0.36928228,0.34791246,0.5865353,0.6328935,0.64446634,0.5810951,0.4828683,0.49798667,0.3995794,0.46079552,0.5003795,0.37563834,0.37624112,0.38238314,0.3541829,0.36408904,0.3971882,0.4900362,0.2958019,0.4357965,0.44984618,0.37554592,0.3650972,0.3632542,0.40117738,0.5307396,0.5181601,0.59743655,0.515579,0.5339135,0.60593486,0.34479985
0.75345796,0.5055876,0.4818085,0.6825551,0.41245884,0.5493583,0.36988866,0.34075612,0.47244972,0.5001057,0.39535,0.4509914,0.43349978,0.6310485,0.38356537,0.47589275,0.45606807,0.37881747,0.5052913,0.5229082,0.43195295,0.4447166,0.69503856,0.49206087,0.4411519,0.4000174,0.40817356,0.71179426,0.52083737,0.39731765,0.6764598,0.52217644,0.44307834,0.6408522,0.52205837,0.4400264,0.45326382,0.6520485,0.5285813,0.43739647,0.43509874,0.44516104,0.69968,0.5342825,0.42710286,0.41314498,0.4228721,0.44599876,0.42735323,0.56828684,0.780333,0.38267764,0.4385667,0.44128606,0.34806925,0.39434797,0.35795543,0.42340422,0.4527879,0.435942,0.41726312,0.4270963,0.42570025,0.3499198,0.3494274,0.36465338,0.36183032,0.41699198,0.3720937,0.4313364,0.40033615,0.39065492,0.4415102,0.3673568
0.28889972,0.34069604,0.33306026,0.32383332,0.36604673,0.3269144,0.27944204,0.2796592,0.28681436,0.31543043,0.25072056,0.24479477,0.23010387,0.26550144,0.3126326,0.30400524,0.33800548,0.2787371,0.2627735,0.35486066,0.35274374,0.37892,0.33187655,0.35980085,0.2918244,0.35735902,0.2990203,0.31215015,0.35620913,0.31205127,0.3365756,0.35548604,0.33204585,0.32067388,0.3760449,0.35730237,0.35925782,0.3293538,0.38469225,0.3314753,0.2613848,0.28159767,0.31987983,0.37396342,0.33039603,0.31143957,0.2514431,0.2659212,0.26289356,0.27657878,0.30893582,0.28883395,0.2816041,0.2649088,0.23147139,0.2344721,0.21810555,0.257579,0.24134666,0.262165,0.19994605,0.23412172,0.24572738,0.2529947,0.22579384,0.20342793,0.21752952,0.25521564,0.22130428,0.27726343,0.27715918,0.26886156,0.27196252,0.25300333
0.35010725,0.8826752,0.82108235,0.5666446,0.6034353,0.97652644,0.8092619,0.3380582,0.66386855,0.6865767,0.36969537,0.72104555,0.50995266,0.42251042,0.43345526,0.37877977,0.38498864,0.3479079,0.42477697,0.5292733,0.44359452,0.41313815,0.455023,0.4849312,0.45993817,0.4453482,0.43789232,0.49503905,0.45153493,0.4200925,0.46378142,0.41994792,0.40323636,0.4141361,0.38270944,0.37503055,0.39199054,0.43262768,0.41562405,0.41711,0.45306578,0.42053974,0.4585297,0.45163885,0.38945907,0.37436864,0.36974314,0.4116888,0.4497407,0.46508473,0.56625926,0.38527435,0.36119425,0.40742505,0.3637996,0.3751013,0.37343073,0.39634606,0.3712647,0.4358856,0.3591684,0.45716304,0.39542356,0.32939282,0.33780828,0.37461367,0.37048042,0.39743817,0.31095287,0.47132775,0.43701336,0.4133073,0.47659388,0.34996095
0.35554793,0.36043182,0.470938,0.7429568,0.39803883,0.50260764,0.2867263,0.23145032,0.30081955,0.367167,0.25293142,0.28181952,0.3019669,0.3230628,0.33117545,0.32934105,0.37383208,0.3316793,0.335486,0.3907501,0.43262404,0.4285026,0.4324545,0.43343005,0.39860994,0.4212469,0.4103427,0.45906025,0.40258977,0.39703128,0.38001055,0.35963732,0.3865349,0.32678282,0.38984767,0.3835257,0.35648337,0.32206115,0.36471757,0.38421708,0.42296618,0.3749846,0.35797283,0.37959698,0.41663837,0.3642407,0.33358806,0.38147336,0.36583206,0.33218282,0.38371915,0.31453475,0.30907437,0.30502936,0.25357825,0.2576275,0.2354244,0.27173057,0.36663824,0.35746893,0.33914196,0.36059934,0.3143802,0.30938864,0.2845302,0.31146675,0.28310242,0.35516965,0.320306,0.35001975,0.37271738,0.32813638,0.3606647,0.28943372
0.68746966,0.55829096,0.537534,0.8758771,0.5267346,0.65616035,0.60774046,0.4797374,0.58502084,0.54449236,0.45700467,0.57284886,0.53863716,0.69069797,0.5017985,0.59707475,0.57289624,0.59890753,0.6437516,0.55753416,0.6923556,0.551767,0.69548583,0.55929285,0.7040054,0.68600935,0.588816,0.76735663,0.58419436,0.52117103,0.6480793,0.48448312,0.4958796,0.57217795,0.44728175,0.66667926,0.5826476,0.5679697,0.45747674,0.46285743,0.5072749,0.48591414,0.5424453,0.45537522,0.67686963,0.54141337,0.6099586,0.69873893,0.5264027,0.55321544,0.6560415,0.6344434,0.5338433,0.6982704,0.5967495,0.68130994,0.6450385,0.61772895,0.62268454,0.6599123,0.46583903,0.50959164,0.49219158,0.4815165,0.43856516,0.46648553,0.49506047,0.51515275,0.42247844,0.5861498,0.53687274,0.41937068,0.63268507,0.6677041
0.66356534,0.67874867,0.67464405,0.84800094,0.71226203,0.79776704,0.81348383,0.6842616,0.7988526,0.6777506,0.5607637,0.67670375,0.67444646,0.6341396,0.6062104,0.6146028,0.56385213,0.5729513,0.7374057,0.66675997,0.7733974,0.53267527,0.7182322,0.6016414,0.76039064,0.701619,0.54442614,0.6457055,0.53192055,0.51497996,0.5265511,0.53195053,0.52538353,0.6583208,0.5266402,0.63149655,0.49688137,0.689155,0.57421905,0.44677433,0.5069681,0.5344552,0.6112984,0.55211735,0.87296134,0.5205375,0.5732036,0.749856,0.45132807,0.49056175,0.7304274,0.7588366,0.6529489,0.7757769,0.6830359,0.6662604,0.72589964,0.82718897,0.6395662,0.89771175,0.48169848,0.5286448,0.47545767,0.42453894,0.44259936,0.50332505,0.5633852,0.5865398,0.5073212,0.57207626,0.5999854,0.49056393,0.696288,0.52950627
0.25589845,0.4229798,0.44006714,0.41976792,0.3446415,0.3928777,0.33376247,0.3842938,0.40499762,0.38132834,0.33642897,0.371571,0.3542385,0.22737405,0.39654008,0.38555783,0.34585923,0.35020024,0.3804901,0.48806173,0.48384914,0.4092522,0.39670438,0.44302487,0.48518494,0.41771743,0.43195426,0.39512727,0.45162207,0.456361,0.41006196,0.45376357,0.41404745,0.38505146,0.41917887,0.43178186,0.36563784,0.4118787,0.42870456,0.36479047,0.40196034,0.40590215,0.3665924,0.3912617,0.42275017,0.42869914,0.45768052,0.4004145,0.39443532,0.37806526,0.2903938,0.35108027,0.21987122,0.24527769,0.3725623,0.25889018,0.25580543,0.31032398,0.3013578,0.324331,0.26000613,0.37878218,0.32473263,0.26633286,0.30469036,0.29585034,0.3548416,0.391669,0.35566172,0.42091557,0.30039224,0.3498252,0.3777134,0.25144818
0.3789604,0.47472304,0.47595298,0.4142634,0.44390774,0.50998396,0.41566053,0.4403114,0.39391053,0.4409516,0.32123515,0.36117405,0.39043227,0.26337537,0.42572072,0.39535984,0.38914183,0.39708102,0.40298963,0.4866492,0.49464586,0.37096962,0.39497665,0.43236694,0.5142602,0.45118362,0.47188446,0.40752813,0.42170233,0.42099172,0.40896013,0.39238438,0.4033328,0.37038332,0.34837085,0.44717717,0.39595196,0.40545624,0.37010685,0.35463607,0.41767564,0.3748261,0.36399162,0.36559466,0.4354688,0.40761238,0.45445123,0.60731804,0.41295323,0.36957115,0.34481674,0.3472425,0.58813524,0.7872956,0.6269272,0.5491514,0.51149756,0.6799594,0.4100284,0.46511823,0.38306308,0.48690647,0.32743838,0.33869347,0.36441872,0.44604966,0.46285325,0.4795394,0.38682863,0.4095021,0.42336315,0.3595536,0.45004326,0.32648194
0.81833947,0.83931625,0.7943992,0.8928487,0.6505232,0.79084593,0.8459602,0.79935676,0.7457121,0.6085088,0.6990942,0.6200833,0.87422943,0.8287398,0.68238807,0.68820196,0.751669,0.7580314,0.83770996,0.7705836,0.78445625,0.67383134,0.8703413,0.70662713,0.83728385,0.7291164,0.72930026,0.9537864,0.6976748,0.67266995,0.7284654,0.7182416,0.7122496,0.76285386,0.6695779,0.7911259,0.62514585,0.6342933,0.6159478,0.59218895,0.60109085,0.5856087,0.6520658,0.6210931,0.9120808,0.7008758,0.5834951,0.7553592,0.634966,0.7333464,0.9314125,0.8628722,0.7834397,0.7117615,0.823801,0.69659066,0.7024153,0.8050289,0.74724245,0.8206603,0.6131423,0.7089405,0.569074,0.47766975,0.5686415,0.6644796,0.65099424,0.6380952,0.62662715,0.81136435,0.64792055,0.59088737,0.7477652,0.8974191
0.44389373,0.48920488,0.5366374,0.6395513,0.5463341,0.5702211,0.46845773,0.39294863,0.48317188,0.4903189,0.40652075,0.45331168,0.39241952,0.26951653,0.5773732,0.62552357,0.59655464,0.592008,0.5565259,0.70209056,0.7186772,0.61734974,0.77097297,0.718662,0.66357785,0.5565167,0.5712037,0.6582514,0.6874897,0.58895653,0.6918064,0.6870891,0.53964216,0.61640143,0.63795924,0.64755476,0.608293,0.66387033,0.6618714,0.46854332,0.51858276,0.46174985,0.5577205,0.6135939,0.68717813,0.48327595,0.40442395,0.4587028,0.43470606,0.4786029,0.4598805,0.68094844,0.29964358,0.3134953,0.5318028,0.8113994,0.7979176,0.7128962,0.6715255,0.6715823,0.4372129,0.45909655,0.5021989,0.36848548,0.46524867,0.43374997,0.55615675,0.5281923,0.4361039,0.4387788,0.3526107,0.43440062,0.3876109,0.37533408
0.9285498,0.74473584,0.70623463,0.8537271,0.70164853,0.8138808,0.7440458,0.73338634,0.8954844,0.7167302,0.76429325,0.83331436,0.8600634,0.95143044,0.64747065,0.7317783,0.6747983,0.6849558,0.80342335,0.75106335,0.87703925,0.69703346,0.86091906,0.7552087,0.75382286,0.70332056,0.7061582,0.853555,0.6771037,0.6803246,0.66970414,0.6957702,0.6742945,0.7491028,0.6443081,0.79437745,0.6670353,0.6996668,0.6541968,0.6255669,0.6361919,0.62271845,0.7336349,0.60029244,0.81232375,0.62373203,0.5156695,0.6771195,0.5289068,0.5629792,0.9552693,0.95712316,0.73383427,0.71216005,0.79860276,0.7651623,0.75297874,0.74864554,0.7527422,0.7787956,0.45719877,0.5827655,0.5687987,0.48905244,0.50052947,0.53100187,0.583119,0.59381825,0.4874617,0.7077677,0.57184833,0.46315736,0.8174805,0.8737871
0.6977275,0.5006081,0.4649367,0.72022784,0.6461687,0.6560495,0.5622758,0.37704992,0.55313057,0.5030499,0.38340232,0.4957641,0.44806534,0.50418466,0.4803548,0.5998074,0.7008905,0.70495504,0.5283766,0.64346176,0.7277018,0.64577687,0.72054625,0.64932626,0.7107983,0.6343567,0.6966563,0.7589958,0.6713628,0.62756264,0.7099497,0.71984607,0.77255195,0.75533926,0.7362615,0.76573485,0.6735999,0.7135401,0.71325725,0.6361024,0.6742771,0.65011525,0.67995226,0.70950073,0.8389203,0.6910717,0.597896,0.5471726,0.61713296,0.64932245,0.67902076,0.47227067,0.85629225,0.6366327,0.81780475,0.63460475,0.5104305,0.6599452,0.4430732,0.629577,0.6805045,0.78022337,0.5232452,0.37323892,0.43702295,0.4877068,0.5538368,0.5027304,0.46435812,0.8274033,0.44999313,0.47154298,0.68752176,0.74557364
0.6555646,0.73336977,0.7626498,0.9356047,0.7384269,0.80606925,0.7587837,0.68082434,0.70863986,0.7357262,0.666146,0.7048401,0.6261323,0.41857025,0.7053312,0.7138954,0.6730089,0.68931776,0.61892015,0.7437271,0.7883742,0.73850936,0.82078433,0.7464615,0.7991647,0.7326075,0.73312724,0.7289737,0.7545531,0.76771295,0.7876324,0.7655112,0.7233248,0.7619053,0.77236706,0.7819885,0.7533896,0.7438503,0.7701815,0.69569993,0.6809626,0.6868616,0.74962604,0.8002241,0.86967665,0.7463446,0.71031904,0.63513875,0.6611446,0.7124026,0.6593644,0.4496689,0.5538036,0.571901,0.7034497,0.6833706,0.614416,0.74766225,0.6771776,0.7558958,0.5779164,0.7127294,0.6790954,0.58744097,0.636775,0.60546845,0.73359096,0.73433197,0.69945574,0.7176003,0.59771407,0.61049944,0.6296525,0.511856
0.9597825,0.9692262,0.7269059,0.8742913,0.8009461,0.9050944,0.9182351,0.7465405,0.9236143,0.7695141,0.78100014,0.7288214,0.91225034,0.84426486,0.94852096,0.85596704,0.74251944,0.7404195,0.9193838,0.85552317,0.8226693,0.7159934,0.8259044,0.7706296,0.76283413,0.7057465,0.70228285,0.91022897,0.7686021,0.6831724,0.7012994,0.74573773,0.6448665,0.7367987,0.70106447,0.78053427,0.7357004,0.70209765,0.72326183,0.66466427,0.661247,0.7076259,0.64545673,0.71603835,0.70231223,0.67003614,0.6180663,0.7889255,0.58133316,0.67088026,0.9238429,0.75032675,0.40712282,0.5665214,0.8156616,0.7602025,0.6137181,0.66449666,0.5518295,0.7235271,0.39476314,0.50668234,0.5822596,0.43807095,0.47302574,0.3803093,0.6058135,0.57873,0.50419605,0.57463795,0.44065782,0.5106985,0.4660238,0.31161258
0.88489467,0.72894543,0.7918511,0.7997408,0.7115131,0.859152,0.82770896,0.7628253,0.7745008,0.7346812,0.72753155,0.72086084,0.63713866,0.6366919,0.7173673,0.7260963,0.67397666,0.67657137,0.66853464,0.78055006,0.8182138,0.70037663,0.8813533,0.76188827,0.7616337,0.7122457,0.6966016,0.78624475,0.74408597,0.7537455,0.7863036,0.77469,0.73694205,0.7717505,0.7330326,0.8109306,0.7387736,0.7978102,0.77002215,0.67345726,0.6761595,0.6778355,0.7271204,0.77622306,0.79553753,0.7557167,0.6878103,0.76194465,0.6566749,0.74322677,0.76364195,0.5712844,0.76479554,0.6228168,0.7300351,0.73367906,0.64792424,0.69506556,0.5876449,0.7602769,0.5549852,0.61675495,0.7049752,0.58688295,0.6166173,0.48809645,0.7040453,0.64288944,0.567528,0.5239473,0.44492352,0.4567353,0.46639997,0.6596927
0.7265039,0.78826123,0.80967224,0.4942656,0.6637318,0.8042612,0.6567135,0.7008703,0.67767245,0.5791919,0.72166497,0.56294626,0.65562046,0.37241563,0.8105707,0.605304,0.62684596,0.6421304,0.6021569,0.8052089,0.7410746,0.66692376,0.81435424,0.7722825,0.71082044,0.60246474,0.74142706,0.6834685,0.7932669,0.7301495,0.7814389,0.81124175,0.68311894,0.69448704,0.7433501,0.81698066,0.77441216,0.73467606,0.76554644,0.6412713,0.69022375,0.6633109,0.7106602,0.771531,0.76268375,0.6581725,0.6121354,0.6741775,0.62812215,0.68530446,0.5726467,0.56066257,0.429684,0.43986014,0.67723334,0.7289263,0.668,0.64332414,0.64995474,0.6829251,0.6918258,0.677071,0.768178,0.5159414,0.6718876,0.5477786,0.730161,0.6883146,0.6714689,0.6627618,0.5501823,0.63215894,0.5232673,0.38515553
0.9252088,0.7634016,0.57323563,0.82437146,0.75450397,0.6892109,0.7500899,0.54151636,0.7617886,0.734654,0.5907478,0.6579699,0.77217054,0.7673959,0.7082698,0.7908169,0.6136642,0.65849173,0.8089774,0.77630305,0.8870845,0.68734205,0.9153322,0.8104753,0.7408141,0.6837892,0.64858776,0.8191881,0.76824665,0.60459125,0.7877622,0.72480553,0.7092678,0.86717254,0.6360358,0.75814563,0.6211285,0.70119995,0.59612375,0.54794425,0.5800176,0.67320865,0.61306554,0.62515664,0.85013884,0.6648086,0.5852436,0.78128797,0.5029318,0.65627205,0.5574493,0.44828162,0.8503906,0.785654,0.6110491,0.83797586,0.766908,0.64242005,0.39727005,0.6471238,0.3319416,0.5986786,0.5800132,0.5669461,0.5194647,0.39826575,0.58278644,0.5731231,0.5378263,0.47913048,0.70537674,0.48949072,0.69992024,0.4135297
0.8976894,0.6434902,0.6525933,0.78985274,0.64992046,0.77904046,0.68594164,0.6231025,0.5757978,0.6137782,0.47980618,0.56787604,0.5172099,0.4254323,0.59212744,0.63613635,0.63497454,0.6377956,0.5557473,0.7454169,0.7652814,0.6323954,0.7820602,0.7364821,0.78112024,0.7069049,0.6448733,0.7791414,0.75211036,0.5636499,0.7417651,0.7710433,0.6087827,0.7410756,0.7403392,0.7544281,0.66577536,0.70836645,0.71459424,0.52824533,0.5884441,0.58228356,0.58230734,0.7012785,0.832881,0.6133273,0.5855635,0.70530623,0.57019347,0.5384914,0.5321845,0.4273082,0.74264747,0.5356365,0.70183265,0.71122897,0.6207082,0.77705014,0.47442493,0.60488236,0.50794905,0.69895536,0.53845304,0.54325473,0.60747033,0.5701473,0.7276611,0.79549116,0.73573047,0.6617106,0.6862902,0.6101214,0.615924,0.38311243
0.7605333,0.68103737,0.7213874,0.6949793,0.72646636,0.7980635,0.69996005,0.6350819,0.73631245,0.6206931,0.6567222,0.6326205,0.5939908,0.65666306,0.60365176,0.6820488,0.6691606,0.6975596,0.66556704,0.7776141,0.78031516,0.7046923,0.8859485,0.77312857,0.768827,0.75352514,0.6873099,0.7485425,0.75521874,0.63597447,0.7423356,0.77691454,0.7278797,0.78000784,0.75517005,0.785616,0.6532972,0.73194337,0.73663133,0.6906839,0.70260465,0.6190589,0.768383,0.7803459,0.77908844,0.69276536,0.65589416,0.8576146,0.681435,0.6732441,0.7390658,0.5907934,0.59658533,0.69584405,0.7320443,0.7897505,0.7095946,0.6110027,0.62496805,0.66606295,0.57915366,0.6885371,0.61831963,0.56453824,0.57367605,0.57957536,0.6654425,0.71191716,0.73407,0.7100389,0.68223107,0.61856246,0.70632726,0.45651656
0.88836795,0.63961285,0.67992884,0.9456763,0.6528714,0.72708035,0.7149447,0.56507576,0.65860736,0.58633226,0.59076566,0.58993673,0.60871875,0.8236634,0.52640676,0.665335,0.7377111,0.7234173,0.6665267,0.6809329,0.7536101,0.72033465,0.84520924,0.7152044,0.72013503,0.7057667,0.6611156,0.6978851,0.71798867,0.6422733,0.69920236,0.6953986,0.7285941,0.7325954,0.67066646,0.7690444,0.6837211,0.6605378,0.6573252,0.66067636,0.65690285,0.56788766,0.66983503,0.6992968,0.7164442,0.6703226,0.63290834,0.8517507,0.60732496,0.6485122,0.61635685,0.7013146,0.81112117,0.7877288,0.7159709,0.9305178,0.83285993,0.7454415,0.7646807,0.8112994,0.56965214,0.6209126,0.6146824,0.5462392,0.4856697,0.46892706,0.6395635,0.633396,0.6187094,0.6627525,0.66451174,0.6383528,0.7331581,0.64186805
0.9727001,0.82716984,0.93962574,0.8852706,0.85337704,0.89285177,0.93030727,0.94955194,0.8213938,0.67563206,0.7540208,0.7472822,0.7008111,0.8634699,0.673509,0.77157295,0.72967964,0.72202426,0.69361645,0.7539511,0.8664206,0.75450253,0.8701949,0.7809026,0.75882846,0.7317627,0.69884473,0.7582466,0.7257294,0.67710793,0.65301776,0.73561746,0.7191334,0.66289926,0.6799222,0.71869713,0.61080843,0.6018154,0.6834379,0.6875504,0.7942594,0.65252167,0.66549027,0.6971157,0.82534385,0.6737986,0.7091785,0.9169061,0.69460857,0.6834557,0.8669229,0.7992833,0.7175127,0.89134955,0.94019145,0.9763899,0.9401163,0.9263374,0.9639921,0.9063367,0.94201195,0.73124874,0.5713608,0.5895633,0.44821122,0.3818,0.6790537,0.76235664,0.85575765,0.8082849,0.7637568,0.69920784,0.7603097,0.6576823
0.8965996,0.77764475,0.75379515,0.6905065,0.5466495,0.6924399,0.6013894,0.77031106,0.77154386,0.7460789,0.85182637,0.50403714,0.61940044,0.4177617,0.9455655,0.7439349,0.6856577,0.7572944,0.4790466,0.932548,0.8068912,0.6600117,0.9571629,0.9257729,0.8586405,0.6456523,0.5806212,0.78429693,0.83900046,0.58546764,0.66103894,0.8216671,0.6611359,0.76290894,0.81088364,0.82426995,0.57241714,0.6926752,0.8413965,0.7201523,0.9614492,0.90316826,0.82947516,0.9167301,0.83898884,0.62767315,0.5786225,0.9743199,0.9402791,0.88700485,0.6510524,0.5200199,0.98832667,0.98542386,0.8822715,0.942582,0.9216125,0.91920227,0.7722681,0.57870466,0.8866348,0.8399753,0.6537545,0.91323596,0.6858205,0.75628597,0.7410398,0.7578611,0.831689,0.5205574,0.73704576,0.558356,0.50159115,0.52449626
0.84085757,0.8302404,0.8620189,0.8068058,0.5767405,0.6829753,0.7818641,0.8075479,0.8269588,0.7233493,0.7490836,0.6767709,0.688883,0.4815482,0.7672642,0.6751217,0.6941191,0.6864119,0.6163161,0.78680897,0.71560067,0.6022766,0.8420852,0.7903756,0.8016638,0.69652206,0.62615114,0.79730994,0.80614257,0.7370707,0.7503511,0.82975805,0.69212687,0.74338293,0.798212,0.7144533,0.63280576,0.70074564,0.8073163,0.59980226,0.76213855,0.5920224,0.69875735,0.7918303,0.782085,0.68760705,0.6405322,0.74356353,0.76151323,0.687479,0.6477161,0.7242668,0.8314583,0.8049376,0.92687047,0.83559394,0.87193084,0.84175634,0.9526121,0.73012793,0.8543683,0.8600784,0.535056,0.7190602,0.70730937,0.7214279,0.7135984,0.7759289,0.82369876,0.79919404,0.6856335,0.67757183,0.63209236,0.64636743
0.9542379,0.9335928,0.8634382,0.9912628,0.8989219,0.97207993,0.9138318,0.80520046,0.96622807,0.7443987,0.8073485,0.7859998,0.88948244,0.80486673,0.83970726,0.84494394,0.77798885,0.76393837,0.8404246,0.9501297,0.9449223,0.7113319,0.9495816,0.92608476,0.8311752,0.70374364,0.7039859,0.96016955,0.87403446,0.6963324,0.8216516,0.90641075,0.73897445,0.80442774,0.7971946,0.84341335,0.6568452,0.7298027,0.83413625,0.6571696,0.7769447,0.7162592,0.8732947,0.85773116,0.945638,0.658576,0.6695177,0.90130466,0.586658,0.84524024,0.905614,0.8006524,0.7734345,0.77488726,0.8631982,0.9352898,0.911914,0.84515876,0.76203585,0.90014565,0.6354425,0.626079,0.603731,0.55474776,0.4841939,0.51050127,0.5359468,0.696262,0.66768426,0.7798756,0.8640068,0.67813647,0.9353928,0.8061674
0.6256695,0.6864235,0.65163314,0.6474852,0.5948684,0.6845375,0.6132084,0.5939135,0.6463633,0.68267626,0.5110009,0.6367692,0.5314349,0.5278755,0.58706343,0.64513874,0.6006356,0.6207651,0.63615495,0.6554499,0.6864554,0.5977478,0.628036,0.6031622,0.7036544,0.66155505,0.6735291,0.6323944,0.6036116,0.61331904,0.5997888,0.5978341,0.6515212,0.6102412,0.5945456,0.6857189,0.6649303,0.6218646,0.6198012,0.5417065,0.58155024,0.56888604,0.58079046,0.60274535,0.7411807,0.6566764,0.6513642,0.73658776,0.6708794,0.6648897,0.6902856,0.51775324,0.77791905,0.71389484,0.79086906,0.70868635,0.63268924,0.7111135,0.5680287,0.49538627,0.52945644,0.7422649,0.53182864,0.5141295,0.54283065,0.5659046,0.61883175,0.6649953,0.5914378,0.5784512,0.6200295,0.50669765,0.59368587,0.5538009
0.8344015,0.83871645,0.75878906,0.7218209,0.59801865,0.65269643,0.7213798,0.73895276,0.7619595,0.6779891,0.7515802,0.636317,0.7663924,0.84251857,0.7869558,0.6551367,0.6417708,0.6346594,0.7024158,0.7006482,0.6790315,0.6425134,0.7499849,0.6809569,0.6427835,0.61586773,0.58790356,0.6551363,0.6506626,0.5974491,0.63025045,0.65063536,0.65510464,0.6545744,0.6523466,0.6633678,0.59952515,0.5912393,0.63657814,0.59247196,0.61542845,0.55045086,0.6293019,0.6428432,0.6564659,0.57423687,0.5313938,0.6555039,0.5606398,0.60211575,0.6585771,0.61794776,0.5682873,0.67796254,0.705513,0.6937649,0.6479869,0.63750005,0.61681986,0.6375776,0.5395698,0.71563554,0.6112452,0.5634622,0.57994264,0.5641084,0.6848877,0.657822,0.6374894,0.66872704,0.6439831,0.5500026,0.6486016,0.62646306
0.7375488,0.6651289,0.56964815,0.786092,0.7159126,0.7305938,0.6308254,0.49823537,0.6645402,0.50715303,0.444397,0.5368486,0.49794176,0.49599916,0.5373204,0.6067972,0.5197868,0.47852206,0.46854416,0.5670725,0.623246,0.5098004,0.66006815,0.52598727,0.5656592,0.51933473,0.51811683,0.5614372,0.512016,0.4833231,0.49770227,0.51046044,0.47800055,0.47064686,0.4943588,0.5329708,0.51979744,0.5063317,0.5134485,0.4611089,0.47349408,0.46213868,0.47802237,0.53312004,0.63813287,0.49383417,0.46159893,0.48451072,0.43747163,0.48093182,0.4439062,0.38965258,0.361614,0.38375592,0.49445093,0.43545017,0.41527063,0.47046286,0.40418807,0.49335563,0.4122732,0.48930198,0.4466394,0.4163931,0.43638498,0.4603404,0.5240333,0.51032495,0.45919532,0.44184697,0.41437367,0.45892936,0.48035806,0.38536257
0.7632922,0.72855854,0.6465949,0.6250936,0.62801874,0.6392124,0.66193324,0.6356341,0.7427178,0.5723177,0.6327861,0.5737139,0.66690755,0.60547477,0.5110697,0.59066546,0.6081694,0.55053943,0.57519454,0.573271,0.6018279,0.5728143,0.6775945,0.5450429,0.5006669,0.50934684,0.515684,0.5737363,0.47683987,0.50222665,0.4655834,0.4543668,0.50716347,0.4546039,0.44406652,0.52476597,0.4726805,0.44092113,0.43153715,0.50361663,0.48517212,0.4988425,0.45704994,0.4235138,0.5102668,0.5021381,0.49008846,0.4840896,0.4317839,0.4588495,0.5720385,0.4069904,0.37296712,0.43559772,0.44517982,0.42073998,0.40978402,0.40082124,0.4029274,0.44399074,0.34577224,0.40794903,0.43095925,0.39285937,0.393107,0.3544186,0.44068664,0.45308313,0.41155076,0.39531702,0.37289605,0.38544953,0.46640936,0.3871613
