0.60273814,0.58046126,0.54372925,0.66140616,0.5370394,0.5236962,0.5649497,0.5607463,0.5151358,0.6303979,0.5097896,0.5000446,0.5308609,0.5400195,0.51191306,0.5132626,0.51026595,0.53945476,0.53934807,0.5846735,0.57164735,0.4890507,0.5584355,0.51871485,0.43719065,0.564126,0.42476934,0.4963373,0.509024,0.57067317,0.5706182,0.47845998,0.5280569,0.492395,0.4834295,0.5463237,0.5130031,0.46955648,0.5433464,0.4812759,0.44518656,0.6782596,0.47719425,0.47668394,0.4906821,0.47549504,0.5332141,0.4795911,0.44510764,0.46228918,0.6757108,0.48865,0.53053033,0.49557322,0.43335763,0.52561295,0.46942735,0.45691752,0.6691104,0.46418512,0.46278158,0.51740694,0.6642976,0.4529184,0.46385735,0.50732696,0.4410802,0.42504707,0.43166316,0.43051443,0.46040156,0.5231063,0.42652512,0.4097634,0.4510472,0.6533959,0.44872695,0.5381103,0.47287166,0.44738328,0.45399204,0.50424564,0.41400462,0.64746076,0.45200086,0.43684608,0.494782,0.46359164,0.37235692,0.49322134,0.4376083,0.39947203,0.64616394,0.4396312,0.42051837,0.42914626,0.44820732,0.4461046,0.44943464,0.6423088,0.4884018,0.4268119,0.49158677,0.40213823,0.48158324,0.45307076,0.34571627,0.4803244,0.42584884,0.3873309,0.63691014,0.42049646,0.41396868,0.4025044,0.3999915,0.42804307,0.49903813,0.4011243,0.4079283,0.40848064,0.40823954,0.627784,0.41046274,0.4516706,0.42854315,0.4131799,0.47721225,0.6324294,0.42276996,0.4068119,0.41514665,0.38780168,0.41923848,0.49029475,0.3905789,0.39598936,0.40124816,0.398529,0.6227633,0.4125859,0.44424847,0.45765853,0.4364633,0.3627381,0.45947573,0.40730828,0.37086532,0.62270343,0.45556402,0.3852933,0.38005733,0.42930833,0.62193894,0.4026192,0.46024668,0.38360745,0.38032132,0.39297652,0.4700477,0.37192875
0.2621867,0.3158219,0.1659145,0.117059425,0.14455792,0.121867605,0.13397372,0.12700582,0.15769958,0.21219128,0.17617357,0.108283155,0.117074534,0.09236747,0.1218798,0.13544944,0.1777462,0.18048365,0.17625505,0.1343145,0.20014177,0.114323854,0.07985758,0.07525255,0.08375057,0.093802564,0.06785458,0.07792908,0.07364024,0.07346265,0.063555405,0.07407716,0.06401847,0.06011258,0.076377384,0.07527356,0.11980807,0.12810227,0.12862712,0.079526454,0.119621225,0.062395,0.089716986,0.039510634,0.05691678,0.04734702,0.07508241,0.08465049,0.07286869,0.04265243,0.06789041,0.06829852,0.060167767,0.109373346,0.13012227,0.11813757,0.10406403,0.06580305,0.051279463,0.090447545,0.04799077,0.063291565,0.044358924,0.06847201,0.05337745,0.055929065,0.045260377,0.05913063,0.048081987,0.08596092,0.05792667,0.07548182,0.08831502,0.044496387,0.05716292,0.057237245,0.0833772,0.12397742,0.0676663,0.043818355,0.05415356,0.062889606,0.071109,0.058251277,0.057353474,0.08753304,0.055763733,0.11213359,0.12845704,0.114759035,0.07162367,0.10150199,0.053067103,0.08003964,0.04228172,0.04075195,0.042794812,0.06170446,0.06250956,0.05936453,0.07321392,0.04471921,0.059210874,0.052932195,0.050941512,0.096004486,0.10485059,0.10082166,0.06665497,0.094933435,0.049611006,0.066392526,0.058671303,0.04006256,0.05492063,0.05248083,0.065561205,0.085475236,0.050859757,0.05873574,0.03266926,0.04644896,0.058175787,0.05418483,0.048504427,0.065773174,0.061251998,0.038667172,0.057989363,0.03867129,0.030393513,0.051745977,0.049580894,0.06286918,0.08281609,0.047472667,0.056516528,0.030406574,0.042544793,0.053883154,0.048492245,0.04135382,0.086994365,0.097493276,0.081657305,0.058834188,0.085469216,0.045624327,0.06421931,0.039723277,0.03921153,0.05260938,0.048425086,0.05503077,0.03565769,0.03248141,0.04523014,0.032129116,0.055559196,0.048006848
0.46547866,0.4619444,0.4222564,0.43656513,0.41457066,0.41546032,0.3845898,0.4033538,0.4313417,0.47008407,0.39805073,0.42283267,0.4137666,0.37790376,0.40002632,0.39943445,0.4082721,0.45889258,0.44448724,0.40609273,0.41704693,0.3923552,0.409542,0.39280513,0.3860163,0.3588819,0.36187935,0.36781716,0.36824164,0.38226056,0.38869923,0.3712185,0.3730318,0.3635438,0.37468064,0.37994802,0.38267606,0.37386248,0.40152615,0.36931175,0.3929522,0.3937323,0.38261726,0.39537507,0.3925078,0.36384213,0.37198955,0.36431897,0.35657948,0.343323,0.37230963,0.3655104,0.3504107,0.38330686,0.3681988,0.4091628,0.37994754,0.38274655,0.3939325,0.39035478,0.3660835,0.39018095,0.37681857,0.36223412,0.3586489,0.3549475,0.3416053,0.37585902,0.3516469,0.37733147,0.3756321,0.38727176,0.40194863,0.395431,0.37408894,0.3612229,0.38590333,0.40794966,0.3690617,0.3594352,0.361098,0.37592986,0.3476602,0.35840148,0.38733315,0.3658387,0.35863978,0.3996448,0.37988412,0.404365,0.37579018,0.38077703,0.38403982,0.37695932,0.34561673,0.3695693,0.36476743,0.3593802,0.35482585,0.35571355,0.3641255,0.36013737,0.36592954,0.3542152,0.35517156,0.39191163,0.370763,0.40152982,0.37636468,0.3784517,0.38130745,0.3554079,0.3624951,0.35247266,0.36778557,0.3648554,0.38243726,0.3944637,0.39382946,0.3734228,0.36210862,0.36953527,0.35385275,0.3604498,0.35670197,0.36887303,0.366321,0.36756852,0.35180032,0.3447767,0.34575313,0.3582304,0.36192784,0.3789047,0.38763523,0.38678402,0.36938685,0.36086786,0.36605814,0.3547144,0.35423532,0.35430628,0.4017323,0.37599802,0.41355547,0.3760482,0.37585378,0.3807854,0.38840628,0.35601163,0.35365045,0.36787516,0.3670016,0.35195112,0.35617042,0.34380323,0.36043626,0.3524082,0.36318493,0.34441143
0.54218304,0.5310917,0.4707965,0.48190203,0.47360873,0.40911403,0.42364508,0.46761662,0.45934594,0.51667315,0.45257166,0.45916426,0.44280452,0.4481449,0.45530567,0.44672814,0.44454443,0.5042623,0.49818817,0.4445908,0.45774657,0.4382791,0.43864608,0.4372734,0.43994936,0.42387477,0.42562672,0.4206533,0.43011042,0.44324774,0.42834705,0.42535,0.4454795,0.42266005,0.41700587,0.41482937,0.42881823,0.4129093,0.41396004,0.42682463,0.40572035,0.41550002,0.4313097,0.42004365,0.4293758,0.41547313,0.41463533,0.41858056,0.4213379,0.41748637,0.41950855,0.40993714,0.4085638,0.4297011,0.42088234,0.42110693,0.41408604,0.40049726,0.40854943,0.42038625,0.4247685,0.40414876,0.409566,0.40560994,0.4143679,0.4124623,0.41606772,0.4262532,0.40479705,0.40542322,0.40839428,0.43077964,0.4182141,0.43102658,0.41821614,0.41740462,0.42722467,0.5055032,0.43270975,0.41197088,0.40310913,0.40281832,0.4091727,0.4103427,0.4051752,0.42790407,0.4058634,0.43124673,0.41938242,0.41848755,0.4077637,0.39848426,0.3959263,0.41748828,0.41772613,0.41172707,0.40015423,0.4255716,0.4259704,0.4072799,0.41363248,0.41978598,0.42105833,0.43215084,0.40530807,0.41668218,0.4205721,0.41065553,0.40611783,0.39776963,0.39727968,0.40457997,0.41397107,0.42476183,0.3983591,0.4046134,0.40640473,0.41447234,0.40905863,0.4156404,0.41820812,0.41145045,0.3980008,0.4060526,0.4035045,0.43356183,0.40046516,0.40663928,0.40693954,0.39984936,0.43868595,0.40536377,0.40911138,0.40737638,0.40994292,0.4163217,0.42256948,0.42137942,0.41710287,0.4053979,0.39844194,0.41487703,0.4349375,0.41995245,0.42062998,0.40718108,0.39777964,0.4014442,0.41688943,0.41918838,0.41420922,0.42280358,0.406192,0.4032403,0.40830076,0.41971397,0.42265567,0.4075765,0.41314173,0.4079119
0.52081,0.5209542,0.4537507,0.47084767,0.48719892,0.39179862,0.44573942,0.4744842,0.5191225,0.5018882,0.45251688,0.43891186,0.4300285,0.42718238,0.4291768,0.41006187,0.414829,0.5226053,0.49312076,0.4188519,0.42574465,0.42718482,0.45340052,0.4173915,0.42469707,0.38967836,0.40939444,0.41574913,0.44624254,0.43255284,0.39577982,0.41203853,0.41170418,0.40471935,0.4075557,0.4067667,0.42489564,0.4035587,0.410767,0.40041053,0.38089135,0.39017484,0.400972,0.37962323,0.37456363,0.389713,0.39221993,0.36917144,0.36648154,0.36762625,0.38801908,0.37772483,0.3939305,0.40802148,0.404007,0.4078498,0.3831196,0.37607318,0.401106,0.4127049,0.37932146,0.37313896,0.38616583,0.38103563,0.39646846,0.38083035,0.3850894,0.39181733,0.3979326,0.38294363,0.37960994,0.43845707,0.37521625,0.4054216,0.39778256,0.39016542,0.3877213,0.4559775,0.39211166,0.38892883,0.3946017,0.38713294,0.37504587,0.3705375,0.39157844,0.37646216,0.39038426,0.39648113,0.3949324,0.4016779,0.38191438,0.37048084,0.38050717,0.39226186,0.36944982,0.37759727,0.39378333,0.40150717,0.40350702,0.3948292,0.3748845,0.39030075,0.37781417,0.37223828,0.37719178,0.37910956,0.39816678,0.4025192,0.3882306,0.37088645,0.37784111,0.37656057,0.3896771,0.39054924,0.38393617,0.3801622,0.4093501,0.37806234,0.37346256,0.40962353,0.38263568,0.38895276,0.39413124,0.37803313,0.39271528,0.387402,0.37346894,0.3781216,0.3746367,0.3912431,0.39453742,0.39479494,0.3752885,0.4176672,0.38854313,0.38263795,0.41518825,0.37917593,0.38885552,0.3876246,0.38436347,0.37222046,0.37518024,0.39196342,0.40155143,0.40786827,0.37204874,0.37888482,0.38572907,0.3912325,0.39462656,0.40642583,0.40093303,0.3768466,0.37538064,0.38759965,0.3783055,0.3944915,0.38899648,0.37588423
0.6320782,0.57227725,0.5347325,0.574234,0.51762915,0.4249048,0.44289553,0.49032754,0.60835785,0.56260896,0.4786847,0.47965565,0.49807036,0.4836027,0.46080774,0.46069127,0.46371067,0.5302583,0.5114157,0.47581732,0.49983245,0.5014651,0.48297048,0.45781463,0.46712855,0.4441703,0.44304204,0.43804628,0.4896208,0.49812317,0.473446,0.43402293,0.4774186,0.44691214,0.4370734,0.42741355,0.43610206,0.44365105,0.4610587,0.50568056,0.45237046,0.43187407,0.4374767,0.43485442,0.4485448,0.44420663,0.47324342,0.4171296,0.42118633,0.4209382,0.43412647,0.4354604,0.4333678,0.5450059,0.446607,0.4384734,0.44647664,0.45497733,0.41921762,0.43693945,0.41582015,0.44876295,0.4311216,0.44874296,0.43362772,0.4247474,0.44433695,0.44197813,0.43209094,0.4361628,0.4246955,0.5309601,0.42386293,0.43851966,0.42946064,0.4382891,0.43839347,0.48558885,0.43322825,0.4354633,0.45816183,0.44262806,0.423981,0.43246293,0.4468209,0.46252608,0.43700802,0.4627372,0.43592352,0.43131527,0.45854303,0.44611588,0.42543763,0.43025705,0.43461454,0.42286792,0.43116844,0.4534211,0.4380531,0.44463736,0.42527583,0.43526664,0.4300419,0.42421293,0.42483765,0.43973207,0.43024778,0.42629933,0.48726577,0.44124272,0.41968298,0.4410067,0.41882467,0.42360464,0.43839437,0.42625678,0.4449042,0.41199186,0.419391,0.4227288,0.4338622,0.44501817,0.44713527,0.428357,0.43866032,0.42558703,0.43875772,0.42824197,0.43506444,0.406642,0.43025622,0.4323517,0.42971265,0.46957168,0.4168191,0.41472104,0.4278948,0.43960786,0.437877,0.448384,0.42591304,0.4459076,0.45357293,0.42831004,0.42132246,0.42930174,0.44718936,0.42441308,0.4774933,0.41371572,0.42633444,0.43195647,0.4276798,0.44430256,0.42232758,0.4393454,0.4304931,0.44374073,0.42345825,0.43101442
0.5330484,0.5699229,0.502524,0.5020163,0.5162712,0.4003647,0.47273496,0.5037284,0.46213424,0.52942514,0.48157725,0.4633662,0.46669447,0.4682161,0.49918753,0.4430444,0.47495425,0.51638216,0.5276268,0.47983044,0.5043124,0.46149606,0.44550008,0.42141652,0.4301893,0.40605217,0.42002943,0.39364463,0.41897672,0.46661532,0.3989758,0.40624818,0.42230684,0.41472018,0.4319442,0.45843,0.48145473,0.44974437,0.46873766,0.48368233,0.4144227,0.4411361,0.41792384,0.39951622,0.39133608,0.4210501,0.41812968,0.3994829,0.39787105,0.3850693,0.39753234,0.3590185,0.40361202,0.5138913,0.43934762,0.42033553,0.42215067,0.37261957,0.405801,0.409182,0.3762064,0.38707235,0.39303452,0.39464742,0.37619185,0.40489465,0.40073174,0.3714614,0.40646926,0.3976978,0.42645434,0.47499067,0.40514433,0.377012,0.3854645,0.40583035,0.41428828,0.5109285,0.387174,0.4040345,0.41736904,0.40231448,0.40809685,0.39558017,0.43671978,0.38405466,0.3982544,0.44477898,0.4581192,0.42698923,0.4262157,0.38781673,0.4067902,0.41743746,0.36989826,0.3665095,0.38611165,0.3842048,0.37788516,0.38259906,0.3853194,0.37528533,0.3743665,0.38804835,0.37846428,0.43024987,0.43191227,0.42009488,0.43923485,0.38127744,0.39970037,0.3808395,0.40039337,0.39151517,0.3887761,0.3701273,0.4187139,0.39258826,0.3672993,0.40543783,0.38688034,0.3919121,0.38373485,0.3685809,0.3914756,0.395402,0.38586503,0.40097523,0.39884293,0.37376451,0.37800038,0.3931504,0.3682462,0.4447444,0.3872441,0.3698089,0.3959356,0.3858028,0.38972804,0.38767445,0.3815142,0.40302765,0.42732453,0.4557964,0.4280452,0.4570555,0.3894592,0.40905353,0.40223682,0.37098825,0.38545972,0.3862482,0.3807238,0.35876784,0.37743258,0.39960724,0.3605886,0.3772776,0.380172,0.37813112
0.617072,0.5384471,0.5828593,0.6190995,0.5256492,0.43101847,0.46488976,0.5655719,0.5551093,0.44774964,0.5058073,0.4756095,0.51403964,0.48377502,0.4535352,0.4475129,0.5293051,0.5240476,0.55206823,0.4181254,0.5446886,0.48737544,0.5105388,0.46260405,0.44757456,0.42086717,0.418727,0.40301305,0.4452005,0.58355904,0.39496917,0.41134292,0.42798978,0.41012844,0.48883247,0.4889389,0.6127422,0.40359578,0.50254595,0.53102684,0.4449313,0.445796,0.47142252,0.41051763,0.40880996,0.41607648,0.40266427,0.3977186,0.40585583,0.3821447,0.40480274,0.3939963,0.42713585,0.5254404,0.37882575,0.45656526,0.45012406,0.41918397,0.4167338,0.47164795,0.41256437,0.44101334,0.43182546,0.4211868,0.39262593,0.41421312,0.4304908,0.38925585,0.40476692,0.3687184,0.41309404,0.5074302,0.3919864,0.40782556,0.37987584,0.38646662,0.4281161,0.46268845,0.38124317,0.40789664,0.4340474,0.4075262,0.41195762,0.41396087,0.42377484,0.42844224,0.41658697,0.49292794,0.36775613,0.4463508,0.44584495,0.4239298,0.4295599,0.467269,0.4092968,0.4085985,0.40527284,0.42199826,0.3875964,0.436738,0.40880674,0.38781857,0.39476824,0.39545834,0.36934644,0.48312256,0.36223686,0.44013822,0.5081656,0.41870612,0.4199686,0.41687584,0.4093915,0.40413862,0.39695662,0.38997114,0.4790107,0.40329066,0.40291196,0.41446048,0.3995174,0.4059667,0.41217935,0.39096195,0.4032212,0.36854205,0.42328215,0.41619503,0.42927742,0.40248805,0.424461,0.40305004,0.40084714,0.48171276,0.4014795,0.39668137,0.42427784,0.40684572,0.41606948,0.4211766,0.4045344,0.41493863,0.41801247,0.35398436,0.43147555,0.45090967,0.42353633,0.42307508,0.43583378,0.41370627,0.3986138,0.39810616,0.3996063,0.40411043,0.3997441,0.39183292,0.38852823,0.396335,0.39729777,0.40594625
0.7022407,0.56545347,0.5344524,0.54610586,0.5429803,0.49413717,0.49510565,0.6114399,0.5373267,0.55810076,0.46970955,0.4565636,0.48514554,0.44792122,0.4455601,0.45888978,0.5138147,0.59530383,0.523939,0.42720756,0.50092506,0.48081857,0.48447424,0.48968625,0.43094414,0.45958573,0.42764127,0.42492598,0.45402628,0.56072176,0.42403436,0.4463321,0.46908408,0.46847057,0.47563678,0.5019604,0.5340692,0.44643408,0.4927327,0.5287157,0.46491683,0.4724505,0.47648728,0.48466903,0.43817872,0.47729266,0.42962897,0.40944722,0.44910693,0.43018886,0.43487954,0.45627043,0.47829324,0.53189445,0.4557292,0.471673,0.47099492,0.44081628,0.45660132,0.46623725,0.45797858,0.46182373,0.46840942,0.44267452,0.44743127,0.4267397,0.44959283,0.4171357,0.44866085,0.41005638,0.43894878,0.5213117,0.3934563,0.41999602,0.42188424,0.42554152,0.44242433,0.4472629,0.42931867,0.45316562,0.49731448,0.441801,0.43616933,0.45091337,0.43995863,0.45747212,0.5073678,0.5242996,0.43514174,0.4594664,0.48818147,0.44623893,0.46306294,0.47463876,0.43419743,0.43352383,0.46246374,0.41962916,0.418539,0.4487775,0.41851407,0.4422917,0.42345187,0.39867997,0.44224596,0.5033679,0.41017437,0.44734573,0.5191797,0.43778342,0.45667517,0.4317543,0.45055664,0.42763898,0.42657077,0.44623822,0.4893748,0.3979827,0.41400337,0.42301953,0.43433172,0.45342892,0.4385641,0.42720523,0.47060168,0.44968253,0.43483782,0.4539038,0.4423723,0.4441307,0.4242382,0.43422556,0.44179764,0.5377223,0.38847315,0.4079092,0.4326266,0.43168443,0.44325525,0.43677983,0.43401176,0.47193858,0.47045574,0.41067916,0.44769913,0.5272738,0.43914175,0.4614553,0.46981007,0.44079244,0.4558137,0.4369868,0.43734062,0.43871725,0.44151205,0.42740136,0.41863996,0.4362591,0.42612457,0.41612577
0.7144792,0.6062062,0.61976457,0.6235838,0.5927805,0.5290561,0.51057047,0.5995532,0.6163275,0.65428275,0.52427423,0.4752036,0.5659087,0.500147,0.49633327,0.5155681,0.58670986,0.6422333,0.52577055,0.5078884,0.5989635,0.5359639,0.55884886,0.5437653,0.5323068,0.51421404,0.47844,0.46717352,0.5215436,0.6413617,0.4561373,0.50310814,0.54485506,0.5190585,0.5590626,0.5454234,0.62453973,0.5257704,0.5756601,0.6043424,0.5310246,0.52237844,0.5409285,0.53041124,0.49637052,0.565853,0.5108603,0.4516134,0.491164,0.47742206,0.4858976,0.50398934,0.5801296,0.6121862,0.54349375,0.5685639,0.5061817,0.42688984,0.49094468,0.5261605,0.46453792,0.4856267,0.5132632,0.5223682,0.5188739,0.5046112,0.48247096,0.46190283,0.46910578,0.44534898,0.47128576,0.586024,0.43716362,0.45854324,0.45114914,0.4749619,0.47655347,0.668023,0.46162835,0.49197888,0.51983047,0.4646752,0.43760493,0.47830117,0.5106959,0.46578443,0.5196652,0.57223344,0.49769855,0.54425764,0.608513,0.4731711,0.5084201,0.5421027,0.48658913,0.47942442,0.5040055,0.48087928,0.45841905,0.4888223,0.48099545,0.45232338,0.45065472,0.42792377,0.48133862,0.5770471,0.45105764,0.53814304,0.63162756,0.46880758,0.51061964,0.50066423,0.50065523,0.4653617,0.45606786,0.4600182,0.5819753,0.442377,0.456917,0.47128385,0.47338098,0.4844816,0.48711437,0.4820088,0.48577607,0.4643057,0.45805365,0.51365346,0.52369297,0.49298596,0.48600194,0.4617914,0.4819731,0.6352148,0.4402942,0.45621246,0.47861856,0.47671098,0.49567747,0.513258,0.50613785,0.52266425,0.5690087,0.46406162,0.53560853,0.6479123,0.46845633,0.5124034,0.546314,0.48127776,0.48170647,0.48666728,0.49960464,0.5030491,0.5085917,0.48069626,0.46273047,0.46680516,0.46044123,0.43827838
0.7224119,0.64023936,0.5986347,0.5831109,0.51849645,0.4528438,0.4549591,0.5971034,0.59359896,0.5065256,0.5143131,0.50899607,0.5484905,0.50676346,0.53466,0.49156052,0.6382966,0.62348956,0.6318629,0.4390152,0.5207579,0.46708643,0.4907887,0.5020425,0.44816202,0.4141786,0.4232759,0.36890307,0.3924091,0.52243173,0.38263193,0.3953169,0.42538375,0.40775698,0.42379528,0.43289346,0.55597943,0.49627388,0.47113764,0.51697797,0.42976207,0.4181516,0.4022624,0.40201625,0.394871,0.43715596,0.40637535,0.37496832,0.38625976,0.3828195,0.39192057,0.39908564,0.46703547,0.45676216,0.5030658,0.46063006,0.4602968,0.39915547,0.4089694,0.3980212,0.4159423,0.40737084,0.4096486,0.40581483,0.3915875,0.40978387,0.39216903,0.4059232,0.3964094,0.38268393,0.39124665,0.45692372,0.3798452,0.3842706,0.3808753,0.38851976,0.3927346,0.42443848,0.37552202,0.38792253,0.4433662,0.39972508,0.38114405,0.40907866,0.40130824,0.39273345,0.468122,0.53224987,0.49340534,0.43945777,0.5002664,0.4006253,0.41269803,0.4110417,0.40360263,0.3911665,0.4237252,0.39604998,0.3840172,0.39477172,0.39538983,0.39538068,0.3841126,0.39361858,0.42503095,0.4834503,0.43581122,0.43485993,0.5046405,0.39763233,0.4031641,0.39469212,0.39812627,0.38635656,0.38168478,0.38470322,0.49377036,0.387223,0.38572246,0.38120162,0.39503536,0.3975519,0.39262325,0.3836632,0.4208169,0.4046222,0.39571682,0.41603073,0.4238158,0.4018936,0.40870494,0.40250552,0.41283053,0.49138042,0.39187545,0.40078965,0.40116856,0.41749418,0.4054392,0.42825127,0.417172,0.46080598,0.49796286,0.43810385,0.42419094,0.48291337,0.40301242,0.40504056,0.44097716,0.40055972,0.40285254,0.39899713,0.40061024,0.40148866,0.40348977,0.40120578,0.40655556,0.39951813,0.39046168,0.38128558
0.6746318,0.64865756,0.5943613,0.64201105,0.5987803,0.57923245,0.5844666,0.5619433,0.5384884,0.50585794,0.5074762,0.4826398,0.60159814,0.5348299,0.5034611,0.4997149,0.52033824,0.6147567,0.58364385,0.48282996,0.6133567,0.59859693,0.62269366,0.60920113,0.53902733,0.48954636,0.49957848,0.49975896,0.59029955,0.6363943,0.50688314,0.5184243,0.5670649,0.5464093,0.5758777,0.5944512,0.5978926,0.52776754,0.59979486,0.6072929,0.5484972,0.5895407,0.5732795,0.59788096,0.59504926,0.61951715,0.5885811,0.5280566,0.58221555,0.5509308,0.5970114,0.60850966,0.6037432,0.6078618,0.52677727,0.58132184,0.55538046,0.5618259,0.5868838,0.5598463,0.5578723,0.5654825,0.60873497,0.6135549,0.6124689,0.61846983,0.6087431,0.62211454,0.6126512,0.563766,0.61688614,0.6191652,0.5121709,0.59483516,0.57768404,0.5795413,0.5533772,0.4691782,0.5225973,0.56014025,0.6480887,0.55755407,0.5057517,0.5809014,0.60869205,0.5580641,0.6054014,0.6181967,0.4904342,0.5817781,0.62073565,0.5811769,0.6498952,0.56630206,0.5791919,0.59908915,0.57736486,0.57090485,0.5801992,0.6278759,0.60521245,0.54766655,0.62705946,0.566394,0.5468016,0.6204437,0.45698062,0.57162106,0.5959536,0.5599604,0.6214762,0.62065923,0.6399184,0.6007935,0.56670034,0.5931003,0.6666255,0.5217952,0.5545616,0.5711948,0.614891,0.5939676,0.5989264,0.566831,0.6448256,0.5874658,0.57575345,0.6409938,0.613654,0.6042938,0.60404646,0.59045076,0.61990684,0.5947549,0.509995,0.5322566,0.6154595,0.63435507,0.6241509,0.60577446,0.5569911,0.61091,0.5689516,0.4395247,0.5529608,0.5523875,0.5623996,0.6202766,0.6185565,0.5786898,0.59427476,0.58543813,0.62951005,0.63597953,0.62575656,0.6009053,0.6040738,0.58336973,0.546837,0.51887596
0.71017575,0.67322755,0.654963,0.7066387,0.59933263,0.5906744,0.6155435,0.6537404,0.5898898,0.47592726,0.5622152,0.4931004,0.59885633,0.5958042,0.54955363,0.5815141,0.5647044,0.6359544,0.5373314,0.5122525,0.62414587,0.5416379,0.5726205,0.61148065,0.56157637,0.5237686,0.51624036,0.470904,0.57339513,0.6375349,0.4882317,0.52219284,0.5641452,0.52983284,0.59209454,0.53106153,0.5974025,0.5417519,0.62860566,0.59597874,0.54439116,0.5883759,0.5669192,0.60048014,0.5758249,0.5932087,0.5923246,0.55565536,0.5823748,0.5529478,0.5885024,0.6127387,0.6282916,0.6265289,0.56791663,0.58767796,0.5408309,0.5176529,0.53435206,0.5414721,0.58155346,0.55637586,0.6207169,0.6035054,0.5943658,0.6042067,0.59546316,0.6125149,0.58100724,0.5447237,0.60529524,0.6405321,0.5501728,0.5705632,0.55187815,0.59252846,0.5486683,0.5168838,0.5589169,0.59715,0.6404234,0.5112907,0.51960266,0.59805614,0.6123758,0.6013936,0.61212385,0.6597297,0.51107526,0.58148575,0.6221697,0.57180476,0.63458383,0.6099033,0.5619714,0.56462777,0.5623052,0.540434,0.55422604,0.5726032,0.52558774,0.5436682,0.592255,0.5378771,0.55731356,0.64762044,0.46433285,0.5620892,0.61226255,0.53915167,0.5924582,0.5883796,0.589507,0.540915,0.54929626,0.5636478,0.6751802,0.5556212,0.534166,0.5684923,0.5846859,0.59221137,0.62427866,0.5470632,0.5945556,0.5691688,0.5751345,0.6421295,0.6378654,0.65456724,0.56922686,0.5909427,0.58695304,0.623909,0.5646056,0.5330661,0.561635,0.5931663,0.61140525,0.59303665,0.5603137,0.5862441,0.626173,0.48137838,0.55307645,0.6336795,0.5414531,0.5917756,0.6317917,0.550547,0.5948663,0.5876668,0.6062988,0.6014776,0.5875452,0.60123247,0.58894545,0.60682154,0.5248529,0.5305978
0.7864144,0.6917415,0.63579166,0.74399114,0.6349051,0.65263146,0.6134822,0.64967144,0.6151467,0.4710816,0.5748261,0.5344736,0.6766034,0.5768853,0.52527285,0.5590204,0.5844531,0.5725231,0.5110672,0.50439256,0.68476164,0.6028731,0.5928558,0.6334368,0.5724712,0.5313306,0.53916264,0.57319653,0.58631706,0.67451084,0.5578146,0.5616325,0.5730591,0.5319582,0.58920157,0.6282248,0.58210915,0.55367064,0.70593584,0.671999,0.624406,0.64865816,0.56715137,0.6482148,0.6247059,0.64993477,0.6223434,0.6143681,0.65539825,0.6247748,0.625317,0.66230774,0.70793205,0.69721305,0.5585916,0.69265974,0.65066695,0.55894476,0.5807331,0.5927986,0.6746198,0.63358825,0.67306757,0.6723167,0.66811895,0.6797776,0.67154133,0.6562871,0.6600665,0.60302204,0.6765061,0.69234085,0.57146186,0.644959,0.60183203,0.63117146,0.61356354,0.4477798,0.5879703,0.6933286,0.70437807,0.6007905,0.60760516,0.640321,0.62614405,0.6353128,0.6978476,0.72923565,0.5353198,0.6828364,0.68243617,0.6729184,0.69803506,0.65698725,0.63629013,0.64065963,0.6582517,0.5714459,0.5609292,0.60184973,0.6051005,0.5661416,0.6214832,0.6035562,0.62956226,0.73487043,0.52104294,0.65632915,0.6711274,0.6350849,0.65735817,0.61345494,0.63806766,0.639586,0.64259076,0.66625583,0.7067419,0.622519,0.6045083,0.63806736,0.6131736,0.6272927,0.628405,0.5957928,0.7054237,0.6775242,0.6257694,0.64671254,0.65339077,0.6515601,0.6289104,0.6209764,0.63606364,0.6729059,0.60514796,0.5868861,0.6121067,0.6246002,0.6177685,0.64876294,0.6235382,0.69110817,0.63691777,0.4898395,0.64939135,0.6500834,0.63299876,0.6413212,0.6310922,0.607615,0.6580206,0.62429374,0.63508725,0.61855906,0.66247934,0.64380014,0.64330304,0.65724576,0.57435393,0.6116358
0.72401303,0.6626266,0.58952844,0.6474911,0.57110846,0.58892715,0.5528699,0.6413514,0.5976782,0.58566624,0.53195226,0.51647246,0.56614006,0.5288482,0.54988766,0.5066425,0.6212765,0.65106034,0.52869904,0.5410062,0.6136641,0.5665103,0.53670037,0.55128574,0.52646554,0.51659364,0.5226711,0.5497124,0.551474,0.59164,0.5255779,0.54228693,0.5137562,0.5099734,0.5466229,0.5610902,0.5703255,0.5736561,0.630324,0.58424187,0.5565037,0.57883364,0.5313715,0.5893636,0.57888526,0.59471524,0.555665,0.5441128,0.59889674,0.58373797,0.5877658,0.5808995,0.59930176,0.613138,0.55905396,0.6232982,0.61255634,0.54958886,0.554453,0.53905547,0.65916586,0.6226936,0.65335155,0.6623353,0.62939394,0.6345522,0.63501465,0.62961113,0.60745573,0.60698485,0.58756757,0.612461,0.557693,0.609941,0.590554,0.6260792,0.5928695,0.56970453,0.5779433,0.6594669,0.6369473,0.58762544,0.59687454,0.62940776,0.6176779,0.6073413,0.60803735,0.61222124,0.5336743,0.62550914,0.57098174,0.6266685,0.6624216,0.61387455,0.6056832,0.6056347,0.63739467,0.611387,0.59977424,0.6369202,0.58725774,0.5902755,0.6268337,0.5961821,0.5804258,0.60463595,0.4999755,0.59186876,0.5582807,0.60115993,0.6371324,0.6628032,0.6636899,0.6389425,0.6571741,0.61284804,0.6131396,0.62226415,0.59181374,0.5934619,0.6479385,0.64878005,0.6449329,0.6292275,0.6444299,0.6444915,0.6299221,0.6729466,0.6693719,0.68047535,0.6585022,0.6572799,0.6383664,0.5722586,0.6394197,0.6122842,0.6484848,0.6754904,0.64364374,0.6374968,0.6141883,0.6004323,0.5547368,0.47671592,0.57135713,0.5756499,0.6019745,0.63101566,0.61004007,0.6059089,0.62096363,0.6344267,0.65808684,0.68483144,0.6778792,0.6547458,0.64625585,0.6404636,0.5672778,0.5882199
0.7976544,0.70124495,0.62185144,0.6739843,0.59247446,0.60628283,0.57263166,0.63961947,0.6050643,0.50315166,0.52668613,0.5413381,0.59121984,0.5799885,0.60614157,0.49339157,0.6150077,0.65352607,0.60319424,0.520133,0.6259116,0.5737418,0.5886769,0.61591005,0.54097426,0.5582627,0.538718,0.6404542,0.61635566,0.6460669,0.5334833,0.59423053,0.5398814,0.5930327,0.5986056,0.57428885,0.547033,0.559761,0.66596746,0.6225046,0.5845164,0.6552394,0.64694726,0.6139166,0.582833,0.63440526,0.57082456,0.56776303,0.6535286,0.61982596,0.6328075,0.6274625,0.61741614,0.6639529,0.5583992,0.65160733,0.6251329,0.5653361,0.54967135,0.5134195,0.6692976,0.66579294,0.71338516,0.71285963,0.67551315,0.68384576,0.6663515,0.6499212,0.6418074,0.6669814,0.65193,0.6716448,0.612476,0.62590176,0.6487669,0.6527451,0.6404439,0.50077987,0.63449275,0.69211173,0.65278554,0.61662996,0.63569677,0.69415593,0.66990477,0.6456237,0.66610414,0.66849995,0.5214374,0.63284725,0.5909972,0.6503689,0.6973063,0.66949946,0.60225284,0.64613414,0.62714994,0.6417712,0.62611175,0.68683434,0.59202695,0.6256989,0.6439227,0.5893296,0.6371758,0.6314056,0.49311808,0.6154233,0.6075407,0.63744354,0.6886604,0.7074703,0.7200187,0.66558504,0.6934661,0.6758347,0.6590558,0.65381867,0.63784117,0.624473,0.6491077,0.66275704,0.65895164,0.62890184,0.6392088,0.65814835,0.6454034,0.6865773,0.7141893,0.72444844,0.69695556,0.6858242,0.6917702,0.6066264,0.6645839,0.6310471,0.65440637,0.7045568,0.6723392,0.65428585,0.61454153,0.6138685,0.51289576,0.4989844,0.59350276,0.5645251,0.6316021,0.6598309,0.6560356,0.6300415,0.63186514,0.65046424,0.6597917,0.6974623,0.67496645,0.6542951,0.6423329,0.6448659,0.5237123,0.5941426
0.84246933,0.6605407,0.6338146,0.6003426,0.62639964,0.6711011,0.5837922,0.59965295,0.5921439,0.44825244,0.53705883,0.6037619,0.59238315,0.56639326,0.53545904,0.50990117,0.5788634,0.6845791,0.56166023,0.55133235,0.6584687,0.61409104,0.61172336,0.60196054,0.5793885,0.5553255,0.5308662,0.6087485,0.59565055,0.67723066,0.57035756,0.6175708,0.5978952,0.62012196,0.6275896,0.68034685,0.5843126,0.6051197,0.6732404,0.5965516,0.640619,0.64123976,0.6943351,0.6173986,0.61207676,0.636969,0.5740044,0.59868646,0.67568177,0.62727666,0.65529406,0.6317127,0.6295519,0.7323937,0.5743492,0.6395941,0.6223219,0.53216773,0.62799656,0.55320615,0.7046933,0.71294665,0.7314126,0.7014883,0.668932,0.6842489,0.67323333,0.6790433,0.66763085,0.6626702,0.64994293,0.6476774,0.5827412,0.61709136,0.6442598,0.6760096,0.65064275,0.47292933,0.6791543,0.6572378,0.6572138,0.59376395,0.63470805,0.69314516,0.66499126,0.65979856,0.640159,0.68588686,0.54338974,0.58550173,0.60567486,0.6550801,0.6792741,0.668126,0.5360452,0.634259,0.6263938,0.68421984,0.65723974,0.7177916,0.6425526,0.6662328,0.6798271,0.6032522,0.62017405,0.65356135,0.53687155,0.61021453,0.65875465,0.677755,0.70459855,0.68834376,0.69013834,0.64681333,0.6987988,0.6421467,0.6468374,0.6240368,0.6486884,0.6101577,0.63405037,0.6950494,0.6302768,0.60997057,0.63294554,0.64726865,0.67051065,0.7187223,0.70608366,0.73218185,0.6773449,0.6974702,0.65906984,0.6429168,0.6338022,0.6318328,0.66233855,0.698223,0.7026236,0.6535476,0.5751925,0.55111027,0.55191016,0.531214,0.57363236,0.6041542,0.656472,0.6775071,0.6736343,0.6592442,0.6544697,0.6568796,0.67995375,0.66920483,0.67307824,0.663713,0.6711962,0.64135426,0.54591787,0.5785992
0.6527615,0.56919354,0.5159823,0.55741704,0.5081723,0.5297972,0.48648417,0.46347114,0.44491008,0.5123911,0.41991132,0.46292424,0.4668389,0.40770268,0.42770213,0.41933137,0.45325202,0.53845024,0.45034498,0.4461521,0.46894145,0.47380534,0.48651278,0.47077212,0.44035682,0.44149196,0.45233542,0.4649581,0.44814295,0.509637,0.45767128,0.48168427,0.452379,0.4797295,0.42935646,0.5012815,0.46589908,0.46533555,0.5044558,0.47327486,0.46991503,0.46526507,0.46988297,0.4725209,0.48637062,0.4678551,0.449551,0.47462365,0.4982992,0.46505368,0.47971085,0.48424384,0.46515065,0.58215207,0.41034797,0.4615234,0.45038342,0.42090964,0.46334213,0.41232368,0.50531864,0.5165782,0.52736115,0.5242336,0.500818,0.5197381,0.5124037,0.5183854,0.4961397,0.49859962,0.48627496,0.4680274,0.46198803,0.5156498,0.5073244,0.4929958,0.49901977,0.42642885,0.5027773,0.50204504,0.49282783,0.41836384,0.45407456,0.47239706,0.48440972,0.46976888,0.46565872,0.49317467,0.38267487,0.43495345,0.44710582,0.4735652,0.48009396,0.45113075,0.42571646,0.47492206,0.47294265,0.4999146,0.48840863,0.50538796,0.48487142,0.46839535,0.4681697,0.45037198,0.44737476,0.47710615,0.38088173,0.430974,0.50371397,0.47365075,0.48462003,0.509935,0.5058249,0.5091083,0.520166,0.50115466,0.4687472,0.48122743,0.48988304,0.48423892,0.49235383,0.4856419,0.47535026,0.44944456,0.46849117,0.45352617,0.4811977,0.49481198,0.49271473,0.50314,0.4927212,0.49971598,0.48808038,0.48559687,0.47023916,0.47257718,0.50362563,0.5250912,0.51177317,0.4969371,0.431532,0.4368682,0.38064805,0.37476748,0.4224082,0.45518103,0.4622492,0.45301014,0.48527986,0.49270344,0.4759415,0.4885097,0.4953845,0.5173653,0.51520747,0.5034611,0.5020368,0.45789889,0.41184115,0.43965632
0.7327043,0.6357466,0.63128793,0.6594316,0.5840179,0.6029284,0.54252297,0.517877,0.44477925,0.47529334,0.4348958,0.5179703,0.50115657,0.4846099,0.4884001,0.45492065,0.45838392,0.46041524,0.4555167,0.4565702,0.508742,0.52082396,0.53308165,0.47746748,0.48582906,0.46409026,0.48611498,0.5213695,0.4874602,0.55242777,0.491565,0.5000588,0.44248566,0.52841306,0.4646125,0.56800926,0.4320686,0.4536929,0.55576575,0.53018606,0.56764066,0.55573905,0.50372607,0.5157789,0.5391022,0.5736346,0.5016493,0.5251266,0.5180268,0.49869487,0.53268576,0.5067619,0.52945197,0.6424651,0.43972722,0.5373484,0.51731706,0.50052977,0.527807,0.45432532,0.56777287,0.588057,0.61732626,0.575147,0.54481566,0.5893554,0.57949626,0.5803199,0.580222,0.5826403,0.5818669,0.5283381,0.5390929,0.521325,0.5239339,0.48613396,0.4771186,0.401729,0.50372064,0.538016,0.57030547,0.50171435,0.5189911,0.5119192,0.5394061,0.54618585,0.54426795,0.49842322,0.42634463,0.49909294,0.4622577,0.57822347,0.565974,0.53880787,0.50639594,0.56069696,0.53195107,0.54115725,0.53464246,0.535463,0.50988936,0.52477616,0.5017392,0.474491,0.5074029,0.50683534,0.44006878,0.50652444,0.57815945,0.5618983,0.5764306,0.5436822,0.55618775,0.5762715,0.5927602,0.5657463,0.5121603,0.5669381,0.53085333,0.55057096,0.5373736,0.5655846,0.5326059,0.5129788,0.5744716,0.5731739,0.5771633,0.5997526,0.551476,0.58165485,0.56259525,0.55594766,0.5384625,0.5433121,0.5332937,0.5299746,0.53042936,0.54820836,0.5419831,0.5484237,0.49695894,0.5007743,0.44147366,0.42435512,0.48930073,0.54063976,0.5511274,0.53802836,0.54933846,0.56083286,0.5652106,0.55806124,0.54645115,0.5264599,0.57963836,0.57911706,0.5700462,0.57576936,0.48794714,0.4865369
0.70130026,0.6862079,0.6322061,0.5850668,0.5967745,0.562227,0.50236166,0.5362165,0.46028203,0.43511793,0.46462122,0.5269557,0.52697754,0.4973983,0.51686907,0.47489718,0.5504211,0.5261711,0.50985575,0.4984651,0.5051149,0.49330783,0.5400317,0.5368971,0.5170398,0.49078035,0.45119312,0.5313338,0.5205524,0.5024991,0.4668044,0.49312726,0.43321982,0.5044765,0.46381253,0.49308985,0.48953366,0.50224316,0.51959723,0.5138738,0.5006319,0.51160693,0.48432076,0.483475,0.48218012,0.54488397,0.46899354,0.4619706,0.4863836,0.46898806,0.48159492,0.46086636,0.50705516,0.61065334,0.47208887,0.5235805,0.50328356,0.4779817,0.47239476,0.4794683,0.5456405,0.5219247,0.5311873,0.51859295,0.512635,0.5427693,0.51742053,0.5206666,0.51647377,0.52712643,0.5359567,0.52972627,0.5218375,0.51316667,0.5273149,0.50025237,0.4683178,0.3993755,0.4943079,0.5126558,0.5508235,0.46405253,0.47503543,0.51999885,0.50586265,0.5071769,0.52160597,0.49999455,0.42911714,0.4947484,0.46805394,0.53017664,0.5354147,0.49359688,0.47133437,0.52594817,0.54904795,0.52790654,0.54424644,0.5769376,0.5014159,0.5258613,0.51739746,0.4735019,0.51731396,0.51213896,0.4443994,0.5126492,0.5120117,0.52114207,0.5706145,0.52621335,0.5158654,0.52139556,0.55084586,0.5357057,0.5099356,0.530048,0.507379,0.5110253,0.5069198,0.50972426,0.5061221,0.4918392,0.5251951,0.5185751,0.48800653,0.54320914,0.5396052,0.5210818,0.50528353,0.49330378,0.49131298,0.5510435,0.49980608,0.50152194,0.48461145,0.5000609,0.49703652,0.525017,0.4870712,0.49206248,0.45014307,0.43854356,0.48729402,0.5269716,0.51929283,0.53108346,0.55039763,0.53464705,0.5388316,0.53309655,0.5593176,0.535598,0.5486326,0.51032317,0.53355443,0.52603376,0.45220095,0.43116984
0.6293922,0.582796,0.5474663,0.6261863,0.60410565,0.5954741,0.49703088,0.488354,0.44154835,0.37316546,0.4405043,0.46063703,0.48011428,0.42997795,0.49530265,0.46008456,0.47072244,0.45700812,0.44929707,0.45660082,0.48256254,0.4796064,0.5140617,0.5091132,0.48138705,0.47485334,0.4493472,0.5010776,0.5030751,0.51603436,0.46996462,0.49204338,0.45293665,0.52220756,0.48040584,0.49870113,0.4829762,0.47448826,0.52783036,0.5559304,0.48887697,0.49170497,0.49844724,0.45642325,0.49938965,0.56120986,0.4639866,0.47540843,0.48263687,0.4725654,0.5017357,0.46494848,0.5118722,0.62546885,0.44670877,0.5435152,0.51033425,0.46179396,0.50543,0.4894569,0.56579405,0.5291909,0.55583555,0.53774464,0.51708657,0.52136886,0.52403903,0.50689304,0.519959,0.5174222,0.53191423,0.536132,0.50869095,0.5002909,0.52010655,0.5256592,0.47146222,0.37460417,0.48830038,0.49768364,0.55676687,0.47823662,0.47961017,0.5464982,0.56524795,0.5221579,0.53609407,0.4306614,0.42035186,0.5113853,0.51739824,0.533901,0.5456755,0.50839484,0.4774704,0.539384,0.58278596,0.550652,0.5525033,0.5667067,0.50351876,0.57481194,0.51457834,0.48615366,0.54024696,0.4409814,0.4179608,0.5162895,0.5449658,0.53536177,0.56585336,0.52719903,0.5288753,0.5200898,0.5372931,0.53354394,0.5287201,0.53200144,0.5304333,0.5161934,0.49794048,0.534274,0.5224941,0.4969725,0.55192757,0.5555972,0.5284376,0.5704391,0.5394812,0.5499901,0.53590417,0.50155616,0.5046053,0.51904345,0.5219739,0.49478945,0.49004462,0.55055845,0.55600023,0.55543184,0.49673325,0.5226357,0.42121372,0.41270947,0.51125807,0.6175467,0.5291476,0.54502827,0.561286,0.54095113,0.54206306,0.54172367,0.5403429,0.52793586,0.54426134,0.54117215,0.5512852,0.569793,0.47698665,0.45959416
0.5440676,0.4971239,0.48750952,0.50661933,0.5415832,0.5307823,0.501717,0.45601225,0.4179535,0.39625472,0.40150017,0.45575792,0.4620407,0.39803988,0.44650543,0.4068321,0.43716878,0.4353134,0.42454663,0.42942888,0.448423,0.47236508,0.46469262,0.42634505,0.42375344,0.41012233,0.40648228,0.43284434,0.44484994,0.45280877,0.41092747,0.4470803,0.41443655,0.45907083,0.4204937,0.42190054,0.42103022,0.4032879,0.45648032,0.4568696,0.47543943,0.45906937,0.44306853,0.41507614,0.43654543,0.45577562,0.4319805,0.4267196,0.43670386,0.4128089,0.45059597,0.43026286,0.4473683,0.49551308,0.38487488,0.45387658,0.44418347,0.43383574,0.46069452,0.43985957,0.47408202,0.48552302,0.50536835,0.478551,0.46464992,0.4711368,0.4716512,0.4665162,0.4287586,0.4378656,0.4412377,0.42788956,0.4201918,0.42892808,0.43229443,0.46629435,0.42521328,0.38457006,0.438461,0.4281077,0.47146443,0.42238677,0.4257392,0.47359812,0.46248415,0.4419788,0.43885857,0.38087228,0.36735263,0.43279254,0.41953808,0.49010012,0.5155896,0.44826984,0.42112532,0.46965158,0.49393284,0.47270074,0.4874447,0.5017574,0.4547273,0.5144619,0.46159306,0.41408187,0.45261297,0.39358234,0.3510676,0.43804824,0.4271283,0.47769114,0.5255897,0.46958068,0.46241814,0.4654836,0.44530022,0.441715,0.45026478,0.4255339,0.45192748,0.449659,0.44868094,0.4862825,0.46773502,0.43787414,0.47008777,0.4782467,0.47799802,0.518038,0.5137065,0.4812786,0.46874762,0.42751855,0.43412465,0.45367792,0.43930733,0.43248105,0.42766425,0.46124986,0.46310017,0.48824686,0.43150944,0.4244371,0.38059816,0.36192504,0.43245196,0.44735077,0.4780957,0.5198831,0.45715648,0.47044662,0.44720364,0.49754617,0.5087843,0.4945483,0.46299642,0.45706865,0.45984912,0.4528793,0.4129455,0.406707
0.5518049,0.44066703,0.44696927,0.4784569,0.47148862,0.4626143,0.48491728,0.46306506,0.45432854,0.4321388,0.4454355,0.43292654,0.4346789,0.43754917,0.43912637,0.3992623,0.46904653,0.4682333,0.44408926,0.4477697,0.44483137,0.43148226,0.43722558,0.39934707,0.4035413,0.39327657,0.39615682,0.41783106,0.42144912,0.40940833,0.39278936,0.41079265,0.3985553,0.43544725,0.40716156,0.4346028,0.43168914,0.43003798,0.45769113,0.452495,0.48465198,0.4573322,0.44346714,0.41970292,0.446052,0.46439072,0.43331656,0.4206705,0.43785965,0.44063023,0.44524544,0.42594576,0.4647369,0.46366572,0.40535086,0.47239578,0.4542891,0.4475526,0.4593325,0.44005084,0.47358862,0.4646382,0.48183304,0.46248677,0.45851174,0.4659664,0.46117783,0.45337528,0.4511448,0.43919438,0.45258084,0.43591076,0.44128913,0.45025122,0.4607062,0.4606511,0.4227162,0.40808958,0.4532163,0.41998634,0.4748103,0.43067002,0.43896455,0.48874933,0.45874983,0.43032068,0.43857485,0.3956439,0.37887728,0.44518703,0.42396438,0.48213756,0.48254022,0.4543109,0.44175598,0.45673198,0.4742447,0.4640367,0.4867106,0.4970419,0.44009823,0.4850477,0.457589,0.42020142,0.45869553,0.40231988,0.37039194,0.45584458,0.41817558,0.46493304,0.48325795,0.45737934,0.4444055,0.4591702,0.45776835,0.45523804,0.4361629,0.43794084,0.45299026,0.43162104,0.43959108,0.45910114,0.4488249,0.42948502,0.46369544,0.47329488,0.46934998,0.48140174,0.50088334,0.48803878,0.49421,0.46238142,0.46461755,0.45803988,0.46232212,0.44459388,0.4499721,0.47985494,0.48753935,0.4797708,0.4654954,0.45002222,0.39025792,0.38424975,0.45011944,0.4355805,0.47689793,0.48427516,0.44624412,0.46916774,0.47125876,0.4786219,0.48182818,0.46490598,0.48054066,0.45763564,0.47072184,0.48298532,0.44238132,0.44498026
0.55427694,0.42868602,0.4457617,0.47624302,0.46051863,0.4700088,0.52516055,0.4631896,0.44559178,0.4578848,0.4200631,0.4245929,0.42270702,0.4563585,0.4762386,0.4402419,0.45084816,0.45222878,0.43769568,0.44573826,0.43703452,0.41937172,0.4057706,0.39184105,0.41876024,0.4114374,0.41909212,0.41858476,0.41883844,0.40806636,0.40714115,0.42251217,0.40222764,0.40957505,0.43094757,0.43768263,0.4557876,0.42992863,0.43439874,0.41202062,0.436205,0.41712314,0.43464196,0.42248684,0.45435038,0.42518255,0.40483055,0.416799,0.41966224,0.3974827,0.40311426,0.4606259,0.45109284,0.45599207,0.3968823,0.4424877,0.39919123,0.4171057,0.41030055,0.45259213,0.4308551,0.428719,0.42801404,0.4320184,0.4230348,0.44189438,0.4298196,0.46111003,0.42624173,0.4153445,0.43774173,0.43260556,0.42970604,0.43371418,0.43105668,0.42122826,0.42987734,0.45919114,0.42028174,0.44129443,0.46511793,0.41281587,0.40367317,0.40826303,0.40990674,0.42087996,0.42756566,0.41814673,0.38609245,0.4110859,0.38275048,0.43612662,0.4249973,0.41564345,0.40441385,0.4617266,0.47603846,0.45731467,0.47694987,0.45765758,0.45590088,0.45241195,0.44403064,0.4395585,0.44560117,0.41317055,0.38038957,0.41898966,0.38945436,0.42868394,0.42858446,0.4283559,0.43092436,0.45077592,0.4236818,0.44476283,0.4358179,0.4256804,0.4454424,0.464111,0.4174037,0.42122477,0.44367582,0.45371446,0.47170675,0.4445484,0.44226578,0.43157777,0.45802048,0.46366948,0.47244173,0.43526706,0.44832233,0.42532918,0.43443763,0.43437237,0.44166464,0.43568444,0.44575852,0.45583835,0.46189225,0.44034028,0.42432824,0.38968915,0.41989547,0.4107818,0.43538982,0.42790207,0.4373631,0.4524672,0.44127584,0.4530424,0.43581784,0.44479257,0.4643854,0.44626614,0.4723539,0.45346558,0.42488176,0.4043176
0.5643097,0.51185083,0.48654062,0.51467,0.5409976,0.46819812,0.44679987,0.42969972,0.41319776,0.48813108,0.4060034,0.460302,0.4255816,0.4353275,0.4558661,0.41992754,0.4618742,0.48958588,0.45254064,0.44245273,0.4074989,0.46427798,0.48461622,0.4521741,0.44598502,0.39923054,0.4373006,0.44388914,0.43283874,0.46483296,0.43549016,0.47012955,0.42245787,0.47298783,0.43270934,0.42972445,0.46940583,0.44262028,0.42252153,0.41781482,0.4540562,0.4389871,0.4485706,0.45033717,0.45127118,0.4576226,0.4437281,0.45326287,0.450688,0.45092732,0.44639313,0.4599184,0.43604302,0.4736142,0.4335674,0.43284285,0.43965214,0.43371063,0.44357428,0.44354287,0.4400279,0.45936677,0.46503317,0.46683538,0.4509855,0.44527918,0.46452904,0.45537075,0.45681188,0.45198995,0.4508832,0.46429932,0.43012056,0.45562688,0.4780885,0.4736647,0.4472913,0.42034262,0.44903916,0.44667625,0.45848325,0.44422933,0.43703645,0.47793108,0.4886036,0.44081378,0.4109643,0.42358142,0.40173382,0.3874724,0.40234083,0.4559629,0.46602955,0.45010188,0.46090454,0.4656821,0.49783185,0.52781177,0.51220644,0.49176615,0.47641477,0.51279306,0.480398,0.43822348,0.43370602,0.41399142,0.38858894,0.40009677,0.40407375,0.45058692,0.47532964,0.46020275,0.46376896,0.43980217,0.46481413,0.4631739,0.47125244,0.44935882,0.48040518,0.45114583,0.4677376,0.48101214,0.45685878,0.4478311,0.45249057,0.44475943,0.4521691,0.47833225,0.52402997,0.4933268,0.47874165,0.4622632,0.46229523,0.46895334,0.44377616,0.4482938,0.4545835,0.50106734,0.49765405,0.49257383,0.45056206,0.42599833,0.4195729,0.40011948,0.39657742,0.41542983,0.44434518,0.4755515,0.46426117,0.4602406,0.47573328,0.4903881,0.47727612,0.4805905,0.48081648,0.4926023,0.48069397,0.46561676,0.44576025,0.4268635
0.59903216,0.49326205,0.50352633,0.54637504,0.5000567,0.46691364,0.5041822,0.45258504,0.4509973,0.47642395,0.4275822,0.4597747,0.44453377,0.4152804,0.44876906,0.46451092,0.4943439,0.59525275,0.55946755,0.46063784,0.42811823,0.45686954,0.46481276,0.47537178,0.45250797,0.4265567,0.4702862,0.4374367,0.42921507,0.4551925,0.43893957,0.4592486,0.42966056,0.4606058,0.42661676,0.45103335,0.5607133,0.45036379,0.4497835,0.431485,0.4710641,0.44838113,0.46318096,0.4354692,0.45720714,0.45214182,0.44275916,0.46717837,0.45589215,0.44561386,0.45838177,0.45630276,0.44610974,0.4667792,0.4544203,0.43879095,0.45073134,0.44149947,0.4283567,0.4616325,0.4616151,0.4703119,0.47957474,0.4768935,0.45749667,0.47250175,0.47603178,0.47847426,0.48058695,0.4699171,0.47619635,0.47734758,0.45764682,0.4715206,0.45284158,0.43431056,0.43151414,0.43065304,0.42819118,0.4545732,0.47272372,0.4463601,0.43253177,0.44030076,0.45397836,0.43726957,0.43881136,0.5209309,0.42605472,0.40453342,0.3967429,0.47303852,0.46411434,0.4446768,0.44626066,0.47204584,0.49162287,0.5013076,0.5080187,0.49088207,0.46428275,0.49309334,0.4668946,0.4519518,0.45115983,0.48414356,0.40007502,0.4140073,0.3971594,0.4608268,0.47250342,0.4576709,0.46265653,0.4669386,0.46923056,0.48996413,0.46707684,0.46378094,0.47902218,0.4613667,0.45845085,0.45200282,0.46183032,0.466071,0.45277002,0.44688192,0.46883833,0.4750485,0.4843471,0.47922727,0.4820599,0.4712823,0.47658202,0.45963377,0.45948225,0.4508131,0.4441857,0.4744976,0.46915358,0.46826568,0.4535374,0.44002342,0.48195618,0.4094419,0.41517055,0.40784907,0.46078914,0.4608277,0.46541342,0.4853853,0.4894628,0.48814738,0.4734226,0.47988582,0.49445075,0.49934238,0.49728844,0.46628448,0.44589943,0.43399552
0.6042376,0.5002393,0.46352854,0.4610852,0.4702111,0.44767994,0.5275469,0.5043649,0.44054917,0.52456045,0.419721,0.48925093,0.48269075,0.41894025,0.4108985,0.47673425,0.5211735,0.5724944,0.52322066,0.49046928,0.45705864,0.4594773,0.47224772,0.47454175,0.449837,0.43367815,0.46084544,0.4205985,0.42855486,0.43896037,0.40509927,0.46628237,0.43714976,0.47826236,0.4938643,0.4672022,0.5982267,0.49525183,0.45161334,0.43968666,0.429912,0.41224372,0.4549688,0.40109187,0.431924,0.44391352,0.41524166,0.45259142,0.45876026,0.42668003,0.4365279,0.47922632,0.47396696,0.47155875,0.48880997,0.44570577,0.40992323,0.39814037,0.40068144,0.44386646,0.44136447,0.43083555,0.43932092,0.4684609,0.4452053,0.46737692,0.45693743,0.46142653,0.4468772,0.45487708,0.4544195,0.46605992,0.45430756,0.45310825,0.4559674,0.41675028,0.4330622,0.48772326,0.39932913,0.44523507,0.45134965,0.42360115,0.42041296,0.43034488,0.44063002,0.4416664,0.4598682,0.49407095,0.43910652,0.41888273,0.40961748,0.43350607,0.43396774,0.4347368,0.46417922,0.4439959,0.4667412,0.4720171,0.48150352,0.46387798,0.44247553,0.472591,0.45232937,0.45010567,0.45096415,0.45321903,0.4224263,0.42910823,0.40654588,0.42793626,0.44481558,0.46941012,0.45302802,0.44466937,0.44403043,0.44363323,0.4469645,0.4685114,0.46210897,0.4549672,0.44777733,0.4322396,0.46720207,0.4626424,0.45113027,0.45128042,0.4313107,0.44978434,0.4806673,0.48562235,0.47018048,0.45938104,0.45140404,0.45505467,0.48242977,0.42844445,0.4388824,0.47178012,0.45972404,0.4598319,0.44947875,0.44749182,0.48722208,0.418773,0.42700815,0.4240653,0.42010742,0.43118173,0.44245556,0.45136023,0.46428457,0.46177882,0.44622034,0.4759367,0.48049265,0.46119565,0.46632242,0.45845658,0.42452303,0.41422012
0.5104276,0.4805317,0.4955452,0.47899917,0.46592578,0.4158317,0.5143038,0.44591898,0.43429545,0.5032716,0.40432787,0.44700563,0.40081456,0.41835088,0.39885825,0.429587,0.4443841,0.49377662,0.47411558,0.41663384,0.40877798,0.45650816,0.49323484,0.45842993,0.47519004,0.38568184,0.49774113,0.40236893,0.40032643,0.39848584,0.42138425,0.4475725,0.42642397,0.43096673,0.4267856,0.42567608,0.48722178,0.3955183,0.40568903,0.3941245,0.42009705,0.4025638,0.4495368,0.41387165,0.4120634,0.42547092,0.39933276,0.39245522,0.38803852,0.4117748,0.4333346,0.41322416,0.42190963,0.45150343,0.38621652,0.40595067,0.3897367,0.38820922,0.383469,0.41122815,0.42187613,0.41165972,0.41474926,0.4196831,0.40596682,0.4128185,0.40050626,0.41281557,0.4053693,0.4359237,0.40283522,0.42990696,0.39133948,0.40078455,0.4111117,0.38421682,0.3728653,0.44246498,0.37429863,0.41895917,0.39929745,0.3987111,0.3807748,0.39508802,0.37814474,0.3964048,0.39861155,0.38445723,0.34359896,0.37967405,0.3563907,0.40710294,0.41556078,0.41694483,0.43444967,0.40740347,0.4209383,0.42215753,0.4251933,0.4252631,0.40990254,0.4049569,0.4092266,0.3967132,0.38912603,0.3675964,0.33309254,0.38621092,0.34712225,0.40097362,0.42065072,0.4043714,0.38927594,0.39172733,0.40178674,0.40392864,0.42787698,0.3823033,0.4192924,0.39611515,0.41718602,0.41707852,0.38680503,0.40185368,0.39091194,0.40112957,0.39507774,0.41930065,0.40295744,0.40187484,0.3846838,0.3995251,0.3957227,0.38341114,0.37386993,0.4010504,0.38000807,0.4230724,0.41032577,0.3881792,0.39602393,0.38742256,0.37692574,0.3367698,0.3878799,0.36390805,0.39637178,0.40859926,0.39508903,0.3871649,0.40045765,0.41627818,0.4085694,0.4013812,0.41033188,0.39117962,0.40261513,0.3880704,0.38892,0.3820104
0.61618805,0.5293852,0.6121845,0.51654744,0.5287299,0.5101744,0.6010472,0.50259197,0.45680344,0.5026525,0.45092595,0.50623107,0.44815984,0.49234384,0.45107105,0.49604565,0.6086699,0.60392666,0.5248441,0.5090971,0.46633133,0.50884914,0.48515114,0.5031837,0.48385087,0.45601055,0.50293684,0.4740259,0.47176707,0.47823596,0.47427833,0.4674542,0.46532035,0.48779994,0.49745405,0.52093303,0.51282775,0.5066943,0.45748448,0.457813,0.4674642,0.47294408,0.50128937,0.44393414,0.4789185,0.47763285,0.44320196,0.4350058,0.47568315,0.4391923,0.47964552,0.49198246,0.49434736,0.4849341,0.46151078,0.43283457,0.4478076,0.4356398,0.44979995,0.4719985,0.46634126,0.46385396,0.4910482,0.49286819,0.45620263,0.4908229,0.46630567,0.46852648,0.48626745,0.50051296,0.49513972,0.51658154,0.45717102,0.45905998,0.4742469,0.45890582,0.4612089,0.47487676,0.42769945,0.4963434,0.4633394,0.4429451,0.40958923,0.4598993,0.46226704,0.43942648,0.47275436,0.45179302,0.4291581,0.41569358,0.4236443,0.46832007,0.4803503,0.4758348,0.45097753,0.48807186,0.50368166,0.48786324,0.50372255,0.4926815,0.48979688,0.48945886,0.4760921,0.5184834,0.4642226,0.44756016,0.405495,0.4142741,0.41152263,0.45605227,0.48663405,0.49480426,0.47657907,0.45032328,0.49342775,0.47855574,0.4994692,0.4506998,0.48654157,0.43460956,0.47680092,0.5012551,0.4736177,0.4982344,0.47059745,0.46315098,0.43708962,0.4787469,0.48845816,0.47881597,0.4450413,0.47510928,0.47922173,0.46130353,0.45315826,0.47675282,0.42219302,0.49793452,0.48697576,0.4686861,0.48588988,0.46470565,0.4597003,0.46468583,0.4211359,0.42105347,0.44348058,0.473128,0.4774223,0.45761245,0.4985035,0.49523598,0.48287228,0.47841582,0.48974085,0.45647454,0.47709846,0.47185403,0.44616568,0.41997677
0.5875882,0.42020148,0.45922384,0.45003167,0.4673351,0.42788363,0.4588197,0.42921424,0.37128586,0.4374836,0.35620388,0.3634882,0.3620795,0.36183617,0.40573305,0.36823326,0.44582844,0.5262507,0.4323792,0.44694173,0.39150292,0.35224956,0.34975785,0.41811502,0.45694306,0.43373165,0.43953693,0.40174776,0.38433564,0.39796382,0.38497633,0.34341574,0.33264604,0.33856815,0.35741895,0.3677361,0.41302353,0.40088904,0.35282248,0.37712118,0.338559,0.3461927,0.3836358,0.34980065,0.3431902,0.38616645,0.39263552,0.36863247,0.36426026,0.35112107,0.39909676,0.36629137,0.4155587,0.4407208,0.41400164,0.3956598,0.34796843,0.30600673,0.34111875,0.3424236,0.36714622,0.3571188,0.39065146,0.41859782,0.38506332,0.37605095,0.37209478,0.3585015,0.39771572,0.39142913,0.453408,0.44199878,0.38547772,0.401692,0.3755104,0.37813324,0.3573159,0.3856665,0.34263775,0.35838056,0.38705415,0.37860587,0.33289862,0.368073,0.388018,0.3389306,0.39944243,0.38115528,0.34407097,0.36090532,0.3532533,0.34371367,0.39680573,0.36001688,0.32615298,0.3552087,0.37432113,0.37573057,0.38226062,0.3723354,0.35081345,0.4000578,0.38265058,0.34526265,0.3820789,0.3537397,0.34470594,0.36432472,0.35903615,0.3582623,0.39382693,0.4050463,0.36092573,0.3684976,0.36874026,0.39922208,0.41220972,0.36147484,0.40498167,0.33956805,0.36836258,0.393009,0.38978028,0.3643428,0.38279647,0.36676407,0.3606489,0.3946086,0.41585082,0.40791827,0.38760722,0.3689589,0.38305017,0.40540633,0.37185615,0.40310967,0.35394967,0.42111814,0.40858734,0.41116205,0.35685164,0.38638917,0.3642942,0.35905313,0.3692291,0.3496595,0.33498627,0.36352518,0.3470115,0.36116052,0.38799343,0.39621723,0.3738128,0.38352394,0.39822417,0.38605788,0.39652896,0.3837704,0.37108895,0.3394842
0.6117728,0.54468024,0.6726964,0.5459429,0.58763605,0.5651137,0.58599484,0.5222449,0.50274944,0.5523752,0.4842767,0.5053781,0.4793381,0.55252564,0.51954126,0.5191914,0.56708217,0.60123533,0.5446591,0.5817607,0.46293908,0.51738346,0.48166415,0.5454478,0.5054084,0.4980917,0.4750433,0.4867364,0.50878483,0.50546974,0.49330112,0.47319713,0.5494586,0.45263252,0.5477793,0.53011084,0.54596263,0.56812966,0.455449,0.44314322,0.49623907,0.47779882,0.5419252,0.4432884,0.50613964,0.4786805,0.4941206,0.49705088,0.49993402,0.46338838,0.5153247,0.54772407,0.5946225,0.6185283,0.53116274,0.45765632,0.43937033,0.46101987,0.47955406,0.5554272,0.44212866,0.47300905,0.4781302,0.5111764,0.49071473,0.48421156,0.46620527,0.50079846,0.48685282,0.47499046,0.46971995,0.49826968,0.45751107,0.50849646,0.5030006,0.4876771,0.5246948,0.5810778,0.46874326,0.5385126,0.5222677,0.4929824,0.42804933,0.4792977,0.4695128,0.47097838,0.55554944,0.4654268,0.46841878,0.41898933,0.40402782,0.4581079,0.486862,0.488639,0.4342051,0.47710693,0.49360132,0.4871022,0.5255233,0.46485418,0.47610915,0.50293034,0.51872486,0.48041633,0.48021635,0.43049383,0.42669967,0.4219576,0.43812463,0.46463963,0.47880527,0.4997789,0.46800888,0.45251948,0.46488962,0.48025098,0.4887985,0.4565251,0.4961645,0.48279977,0.51525444,0.4772408,0.5204046,0.51185817,0.49068898,0.45746148,0.46508572,0.45577213,0.49461782,0.48584187,0.4706919,0.43895203,0.46252286,0.48931783,0.46055734,0.485525,0.4550277,0.50773895,0.47461522,0.5023861,0.51783204,0.5347986,0.47326878,0.47847602,0.41218305,0.41410688,0.42775604,0.44356617,0.42645246,0.45085278,0.46423066,0.48383564,0.4433508,0.4573158,0.46904814,0.4426452,0.47946554,0.4724906,0.47567272,0.4390089
0.7363712,0.5494783,0.6213982,0.6155809,0.62138283,0.6013952,0.60935605,0.5323235,0.4890613,0.53147626,0.47341454,0.533538,0.5010997,0.4915181,0.5191077,0.5579407,0.54075086,0.6053505,0.48103976,0.5759324,0.46142468,0.53308356,0.5052394,0.53644395,0.49027577,0.49992448,0.49611384,0.52553463,0.5144575,0.5540976,0.55139273,0.49430215,0.5066322,0.51820695,0.579332,0.53704053,0.50783044,0.49624452,0.41374522,0.46130335,0.46514753,0.4900381,0.52013314,0.40073532,0.47294405,0.41311175,0.42105985,0.45572522,0.46295738,0.41466135,0.44837007,0.47719276,0.5084678,0.5121294,0.45962995,0.4129124,0.38825792,0.456175,0.48505616,0.50814664,0.40161002,0.45775205,0.475284,0.46473622,0.44442087,0.46197844,0.44165722,0.48033327,0.43472412,0.42292726,0.40485212,0.44661504,0.3811005,0.48654452,0.48424006,0.46707237,0.5348581,0.8740443,0.44533113,0.5041957,0.4730917,0.4085088,0.42450565,0.45345595,0.44366145,0.47313556,0.5292476,0.4596001,0.4519811,0.39549452,0.44016004,0.44536266,0.4911941,0.5164677,0.44873917,0.47394788,0.4878919,0.45552778,0.49359292,0.45450437,0.4439962,0.47838497,0.4047128,0.4367366,0.44137055,0.44309193,0.41789645,0.36505988,0.46531802,0.46358383,0.5015523,0.45543677,0.46161926,0.4428861,0.42109022,0.3980538,0.42958206,0.37042677,0.43328387,0.46175832,0.43420953,0.45793056,0.44926023,0.46163407,0.43077022,0.40554285,0.47189692,0.4778223,0.48126626,0.448776,0.43550974,0.42337748,0.4156777,0.45726448,0.3806048,0.45410383,0.4208496,0.46850234,0.46617654,0.44851896,0.4446126,0.48087823,0.5009844,0.4760931,0.3869428,0.4453683,0.4568171,0.47449046,0.4381129,0.4502094,0.44751966,0.43945685,0.44334543,0.42324734,0.42669415,0.41737217,0.46900287,0.41936204,0.38997364,0.40843436
